2024/04/23 00:05,01F0017N,01F0005N,31,44,23
2024/04/23 00:05,01F0017N,01F0005N,32,46,10
2024/04/23 00:05,01F0017N,01F0005N,41,54,1
2024/04/23 00:05,01F0017N,01F0005N,42,47,1
2024/04/23 00:05,01F0017N,01F0005N,5,0,0
2024/04/23 00:05,01F0029N,01F0017N,31,45,34
2024/04/23 00:05,01F0029N,01F0017N,32,47,8
2024/04/23 00:05,01F0029N,01F0017N,41,51,1
2024/04/23 00:05,01F0029N,01F0017N,42,46,1
2024/04/23 00:05,01F0029N,01F0017N,5,51,2
2024/04/23 00:05,01F0005S,01F0017S,31,45,20
2024/04/23 00:05,01F0005S,01F0017S,32,47,7
2024/04/23 00:05,01F0005S,01F0017S,41,0,0
2024/04/23 00:05,01F0005S,01F0017S,42,54,1
2024/04/23 00:05,01F0005S,01F0017S,5,0,0
2024/04/23 00:05,01F0061N,01F0029N,31,114,40
2024/04/23 00:05,01F0061N,01F0029N,32,123,6
2024/04/23 00:05,01F0061N,01F0029N,41,133,1
2024/04/23 00:05,01F0061N,01F0029N,42,125,2
2024/04/23 00:05,01F0061N,01F0029N,5,0,0
2024/04/23 00:05,01F0017S,01F0029S,31,43,20
2024/04/23 00:05,01F0017S,01F0029S,32,45,9
2024/04/23 00:05,01F0017S,01F0029S,41,0,0
2024/04/23 00:05,01F0017S,01F0029S,42,0,0
2024/04/23 00:05,01F0017S,01F0029S,5,0,0
2024/04/23 00:05,01F0099N,01F0061N,31,138,47
2024/04/23 00:05,01F0099N,01F0061N,32,144,9
2024/04/23 00:05,01F0099N,01F0061N,41,0,0
2024/04/23 00:05,01F0099N,01F0061N,42,200,2
2024/04/23 00:05,01F0099N,01F0061N,5,133,1
2024/04/23 00:05,01F0029S,01F0061S,31,119,24
2024/04/23 00:05,01F0029S,01F0061S,32,117,8
2024/04/23 00:05,01F0029S,01F0061S,41,0,0
2024/04/23 00:05,01F0029S,01F0061S,42,137,1
2024/04/23 00:05,01F0029S,01F0061S,5,0,0
2024/04/23 00:05,01F0147N,01F0099N,31,174,34
2024/04/23 00:05,01F0147N,01F0099N,32,191,7
2024/04/23 00:05,01F0147N,01F0099N,41,0,0
2024/04/23 00:05,01F0147N,01F0099N,42,202,4
2024/04/23 00:05,01F0147N,01F0099N,5,208,1
2024/04/23 00:05,01H0174N,01F0099N,31,275,10
2024/04/23 00:05,01H0174N,01F0099N,32,268,4
2024/04/23 00:05,01H0174N,01F0099N,41,0,0
2024/04/23 00:05,01H0174N,01F0099N,42,0,0
2024/04/23 00:05,01H0174N,01F0099N,5,0,0
2024/04/23 00:05,03F0087S,01F0099N,31,0,0
2024/04/23 00:05,03F0087S,01F0099N,32,0,0
2024/04/23 00:05,03F0087S,01F0099N,41,0,0
2024/04/23 00:05,03F0087S,01F0099N,42,0,0
2024/04/23 00:05,03F0087S,01F0099N,5,0,0
2024/04/23 00:05,03F0116N,01F0099N,31,88,9
2024/04/23 00:05,03F0116N,01F0099N,32,91,3
2024/04/23 00:05,03F0116N,01F0099N,41,0,0
2024/04/23 00:05,03F0116N,01F0099N,42,0,0
2024/04/23 00:05,03F0116N,01F0099N,5,77,1
2024/04/23 00:05,01F0061S,01F0099S,31,139,21
2024/04/23 00:05,01F0061S,01F0099S,32,134,12
2024/04/23 00:05,01F0061S,01F0099S,41,0,0
2024/04/23 00:05,01F0061S,01F0099S,42,158,1
2024/04/23 00:05,01F0061S,01F0099S,5,149,4
2024/04/23 00:05,01F0155N,01F0147N,31,29,57
2024/04/23 00:05,01F0155N,01F0147N,32,30,13
2024/04/23 00:05,01F0155N,01F0147N,41,0,0
2024/04/23 00:05,01F0155N,01F0147N,42,30,8
2024/04/23 00:05,01F0155N,01F0147N,5,29,1
2024/04/23 00:05,01F0099S,01F0147S,31,183,13
2024/04/23 00:05,01F0099S,01F0147S,32,179,8
2024/04/23 00:05,01F0099S,01F0147S,41,0,0
2024/04/23 00:05,01F0099S,01F0147S,42,203,2
2024/04/23 00:05,01F0099S,01F0147S,5,191,1
2024/04/23 00:05,03F0087S,01F0147S,31,196,4
2024/04/23 00:05,03F0087S,01F0147S,32,0,0
2024/04/23 00:05,03F0087S,01F0147S,41,0,0
2024/04/23 00:05,03F0087S,01F0147S,42,0,0
2024/04/23 00:05,03F0087S,01F0147S,5,0,0
2024/04/23 00:05,03F0116N,01F0147S,31,216,4
2024/04/23 00:05,03F0116N,01F0147S,32,214,1
2024/04/23 00:05,03F0116N,01F0147S,41,0,0
2024/04/23 00:05,03F0116N,01F0147S,42,231,2
2024/04/23 00:05,03F0116N,01F0147S,5,210,1
2024/04/23 00:05,01F0213N,01F0155N,31,215,51
2024/04/23 00:05,01F0213N,01F0155N,32,215,11
2024/04/23 00:05,01F0213N,01F0155N,41,0,0
2024/04/23 00:05,01F0213N,01F0155N,42,232,4
2024/04/23 00:05,01F0213N,01F0155N,5,211,2
2024/04/23 00:05,01F0147S,01F0155S,31,28,28
2024/04/23 00:05,01F0147S,01F0155S,32,29,8
2024/04/23 00:05,01F0147S,01F0155S,41,0,0
2024/04/23 00:05,01F0147S,01F0155S,42,32,4
2024/04/23 00:05,01F0147S,01F0155S,5,29,3
2024/04/23 00:05,01F0155S,01F0182S,31,103,29
2024/04/23 00:05,01F0155S,01F0182S,32,98,6
2024/04/23 00:05,01F0155S,01F0182S,41,0,0
2024/04/23 00:05,01F0155S,01F0182S,42,113,3
2024/04/23 00:05,01F0155S,01F0182S,5,103,2
2024/04/23 00:05,01F0233N,01F0213N,31,77,33
2024/04/23 00:05,01F0233N,01F0213N,32,83,5
2024/04/23 00:05,01F0233N,01F0213N,41,0,0
2024/04/23 00:05,01F0233N,01F0213N,42,73,2
2024/04/23 00:05,01F0233N,01F0213N,5,81,2
2024/04/23 00:05,01F0256N,01F0233N,31,86,57
2024/04/23 00:05,01F0256N,01F0233N,32,88,10
2024/04/23 00:05,01F0256N,01F0233N,41,85,1
2024/04/23 00:05,01F0256N,01F0233N,42,77,1
2024/04/23 00:05,01F0256N,01F0233N,5,92,3
2024/04/23 00:05,01F0182S,01F0248S,31,240,23
2024/04/23 00:05,01F0182S,01F0248S,32,262,9
2024/04/23 00:05,01F0182S,01F0248S,41,0,0
2024/04/23 00:05,01F0182S,01F0248S,42,271,1
2024/04/23 00:05,01F0182S,01F0248S,5,284,2
2024/04/23 00:05,01F0293N,01F0256N,31,133,51
2024/04/23 00:05,01F0293N,01F0256N,32,132,4
2024/04/23 00:05,01F0293N,01F0256N,41,141,1
2024/04/23 00:05,01F0293N,01F0256N,42,150,6
2024/04/23 00:05,01F0293N,01F0256N,5,141,3
2024/04/23 00:05,01F0248S,01F0264S,31,56,55
2024/04/23 00:05,01F0248S,01F0264S,32,61,10
2024/04/23 00:05,01F0248S,01F0264S,41,0,0
2024/04/23 00:05,01F0248S,01F0264S,42,78,1
2024/04/23 00:05,01F0248S,01F0264S,5,61,1
2024/04/23 00:05,01F0340N,01F0293N,31,162,46
2024/04/23 00:05,01F0340N,01F0293N,32,164,9
2024/04/23 00:05,01F0340N,01F0293N,41,168,2
2024/04/23 00:05,01F0340N,01F0293N,42,175,7
2024/04/23 00:05,01F0340N,01F0293N,5,167,2
2024/04/23 00:05,01F0264S,01F0293S,31,104,58
2024/04/23 00:05,01F0264S,01F0293S,32,111,10
2024/04/23 00:05,01F0264S,01F0293S,41,108,3
2024/04/23 00:05,01F0264S,01F0293S,42,115,3
2024/04/23 00:05,01F0264S,01F0293S,5,123,2
2024/04/23 00:05,01F0293S,01F0339S,31,167,57
2024/04/23 00:05,01F0293S,01F0339S,32,166,7
2024/04/23 00:05,01F0293S,01F0339S,41,179,3
2024/04/23 00:05,01F0293S,01F0339S,42,196,6
2024/04/23 00:05,01F0293S,01F0339S,5,219,3
2024/04/23 00:05,01H0305S,01F0339S,31,120,16
2024/04/23 00:05,01H0305S,01F0339S,32,117,5
2024/04/23 00:05,01H0305S,01F0339S,41,0,0
2024/04/23 00:05,01H0305S,01F0339S,42,0,0
2024/04/23 00:05,01H0305S,01F0339S,5,0,0
2024/04/23 00:05,01F0376N,01F0340N,31,133,70
2024/04/23 00:05,01F0376N,01F0340N,32,138,18
2024/04/23 00:05,01F0376N,01F0340N,41,139,3
2024/04/23 00:05,01F0376N,01F0340N,42,141,12
2024/04/23 00:05,01F0376N,01F0340N,5,129,3
2024/04/23 00:05,01H0447N,01F0340N,31,387,35
2024/04/23 00:05,01H0447N,01F0340N,32,398,5
2024/04/23 00:05,01H0447N,01F0340N,41,426,1
2024/04/23 00:05,01H0447N,01F0340N,42,0,0
2024/04/23 00:05,01H0447N,01F0340N,5,0,0
2024/04/23 00:05,01F0413N,01F0376N,31,129,41
2024/04/23 00:05,01F0413N,01F0376N,32,133,8
2024/04/23 00:05,01F0413N,01F0376N,41,138,2
2024/04/23 00:05,01F0413N,01F0376N,42,130,8
2024/04/23 00:05,01F0413N,01F0376N,5,156,4
2024/04/23 00:05,01F0339S,01F0376S,31,132,82
2024/04/23 00:05,01F0339S,01F0376S,32,132,12
2024/04/23 00:05,01F0339S,01F0376S,41,165,1
2024/04/23 00:05,01F0339S,01F0376S,42,152,12
2024/04/23 00:05,01F0339S,01F0376S,5,157,8
2024/04/23 00:05,01F0467N,01F0413N,31,191,41
2024/04/23 00:05,01F0467N,01F0413N,32,195,8
2024/04/23 00:05,01F0467N,01F0413N,41,209,2
2024/04/23 00:05,01F0467N,01F0413N,42,228,4
2024/04/23 00:05,01F0467N,01F0413N,5,288,5
2024/04/23 00:05,01F0376S,01F0413S,31,135,51
2024/04/23 00:05,01F0376S,01F0413S,32,138,9
2024/04/23 00:05,01F0376S,01F0413S,41,0,0
2024/04/23 00:05,01F0376S,01F0413S,42,157,8
2024/04/23 00:05,01F0376S,01F0413S,5,180,7
2024/04/23 00:05,01F0492N,01F0467N,31,89,39
2024/04/23 00:05,01F0492N,01F0467N,32,90,10
2024/04/23 00:05,01F0492N,01F0467N,41,94,3
2024/04/23 00:05,01F0492N,01F0467N,42,93,9
2024/04/23 00:05,01F0492N,01F0467N,5,101,10
2024/04/23 00:05,01F0413S,01F0467S,31,188,53
2024/04/23 00:05,01F0413S,01F0467S,32,199,13
2024/04/23 00:05,01F0413S,01F0467S,41,204,1
2024/04/23 00:05,01F0413S,01F0467S,42,208,9
2024/04/23 00:05,01F0413S,01F0467S,5,200,2
2024/04/23 00:05,01F0511N,01F0492N,31,63,49
2024/04/23 00:05,01F0511N,01F0492N,32,66,9
2024/04/23 00:05,01F0511N,01F0492N,41,0,0
2024/04/23 00:05,01F0511N,01F0492N,42,70,15
2024/04/23 00:05,01F0511N,01F0492N,5,74,5
2024/04/23 00:05,01F0467S,01F0492S,31,91,47
2024/04/23 00:05,01F0467S,01F0492S,32,93,10
2024/04/23 00:05,01F0467S,01F0492S,41,89,1
2024/04/23 00:05,01F0467S,01F0492S,42,96,6
2024/04/23 00:05,01F0467S,01F0492S,5,91,3
2024/04/23 00:05,01F0532N,01F0511N,31,77,37
2024/04/23 00:05,01F0532N,01F0511N,32,81,16
2024/04/23 00:05,01F0532N,01F0511N,41,0,0
2024/04/23 00:05,01F0532N,01F0511N,42,87,14
2024/04/23 00:05,01F0532N,01F0511N,5,80,9
2024/04/23 00:05,03F0525S,01F0511N,31,536,3
2024/04/23 00:05,03F0525S,01F0511N,32,0,0
2024/04/23 00:05,03F0525S,01F0511N,41,0,0
2024/04/23 00:05,03F0525S,01F0511N,42,0,0
2024/04/23 00:05,03F0525S,01F0511N,5,0,0
2024/04/23 00:05,03F0559N,01F0511N,31,499,4
2024/04/23 00:05,03F0559N,01F0511N,32,0,0
2024/04/23 00:05,03F0559N,01F0511N,41,0,0
2024/04/23 00:05,03F0559N,01F0511N,42,0,0
2024/04/23 00:05,03F0559N,01F0511N,5,0,0
2024/04/23 00:05,01F0492S,01F0511S,31,68,37
2024/04/23 00:05,01F0492S,01F0511S,32,73,11
2024/04/23 00:05,01F0492S,01F0511S,41,68,1
2024/04/23 00:05,01F0492S,01F0511S,42,72,6
2024/04/23 00:05,01F0492S,01F0511S,5,72,7
2024/04/23 00:05,01F0532S,01F0532N,31,3193,5
2024/04/23 00:05,01F0532S,01F0532N,32,2185,2
2024/04/23 00:05,01F0532S,01F0532N,41,0,0
2024/04/23 00:05,01F0532S,01F0532N,42,3359,1
2024/04/23 00:05,01F0532S,01F0532N,5,0,0
2024/04/23 00:05,01F0557N,01F0532N,31,88,71
2024/04/23 00:05,01F0557N,01F0532N,32,93,16
2024/04/23 00:05,01F0557N,01F0532N,41,88,2
2024/04/23 00:05,01F0557N,01F0532N,42,95,16
2024/04/23 00:05,01F0557N,01F0532N,5,97,10
2024/04/23 00:05,01F0511S,01F0532S,31,80,37
2024/04/23 00:05,01F0511S,01F0532S,32,83,10
2024/04/23 00:05,01F0511S,01F0532S,41,78,2
2024/04/23 00:05,01F0511S,01F0532S,42,82,7
2024/04/23 00:05,01F0511S,01F0532S,5,87,11
2024/04/23 00:05,03F0525S,01F0532S,31,494,1
2024/04/23 00:05,03F0525S,01F0532S,32,0,0
2024/04/23 00:05,03F0525S,01F0532S,41,0,0
2024/04/23 00:05,03F0525S,01F0532S,42,0,0
2024/04/23 00:05,03F0525S,01F0532S,5,490,1
2024/04/23 00:05,03F0559N,01F0532S,31,1212,2
2024/04/23 00:05,03F0559N,01F0532S,32,592,1
2024/04/23 00:05,03F0559N,01F0532S,41,0,0
2024/04/23 00:05,03F0559N,01F0532S,42,0,0
2024/04/23 00:05,03F0559N,01F0532S,5,0,0
2024/04/23 00:05,01F0584N,01F0557N,31,99,38
2024/04/23 00:05,01F0584N,01F0557N,32,97,7
2024/04/23 00:05,01F0584N,01F0557N,41,95,1
2024/04/23 00:05,01F0584N,01F0557N,42,103,16
2024/04/23 00:05,01F0584N,01F0557N,5,106,8
2024/04/23 00:05,01F0532S,01F0557S,31,95,63
2024/04/23 00:05,01F0532S,01F0557S,32,99,13
2024/04/23 00:05,01F0532S,01F0557S,41,93,2
2024/04/23 00:05,01F0532S,01F0557S,42,101,10
2024/04/23 00:05,01F0532S,01F0557S,5,104,17
2024/04/23 00:05,01F0557N,01F0557S,31,1738,7
2024/04/23 00:05,01F0557N,01F0557S,32,3313,1
2024/04/23 00:05,01F0557N,01F0557S,41,0,0
2024/04/23 00:05,01F0557N,01F0557S,42,1677,2
2024/04/23 00:05,01F0557N,01F0557S,5,3401,1
2024/04/23 00:05,01F0557S,01F0578S,31,78,41
2024/04/23 00:05,01F0557S,01F0578S,32,80,8
2024/04/23 00:05,01F0557S,01F0578S,41,83,1
2024/04/23 00:05,01F0557S,01F0578S,42,85,14
2024/04/23 00:05,01F0557S,01F0578S,5,87,14
2024/04/23 00:05,01F0633N,01F0584N,31,178,38
2024/04/23 00:05,01F0633N,01F0584N,32,180,5
2024/04/23 00:05,01F0633N,01F0584N,41,219,3
2024/04/23 00:05,01F0633N,01F0584N,42,199,11
2024/04/23 00:05,01F0633N,01F0584N,5,192,13
2024/04/23 00:05,01H0608N,01F0584N,31,92,3
2024/04/23 00:05,01H0608N,01F0584N,32,77,1
2024/04/23 00:05,01H0608N,01F0584N,41,0,0
2024/04/23 00:05,01H0608N,01F0584N,42,0,0
2024/04/23 00:05,01H0608N,01F0584N,5,0,0
2024/04/23 00:05,01F0664N,01F0633N,31,112,42
2024/04/23 00:05,01F0664N,01F0633N,32,112,9
2024/04/23 00:05,01F0664N,01F0633N,41,127,1
2024/04/23 00:05,01F0664N,01F0633N,42,120,12
2024/04/23 00:05,01F0664N,01F0633N,5,119,14
2024/04/23 00:05,01F0578S,01F0633S,31,189,28
2024/04/23 00:05,01F0578S,01F0633S,32,212,5
2024/04/23 00:05,01F0578S,01F0633S,41,230,1
2024/04/23 00:05,01F0578S,01F0633S,42,218,9
2024/04/23 00:05,01F0578S,01F0633S,5,218,22
2024/04/23 00:05,01H0579S,01F0633S,31,184,14
2024/04/23 00:05,01H0579S,01F0633S,32,196,2
2024/04/23 00:05,01H0579S,01F0633S,41,0,0
2024/04/23 00:05,01H0579S,01F0633S,42,0,0
2024/04/23 00:05,01H0579S,01F0633S,5,0,0
2024/04/23 00:05,01F0681N,01F0664N,31,57,46
2024/04/23 00:05,01F0681N,01F0664N,32,60,6
2024/04/23 00:05,01F0681N,01F0664N,41,65,2
2024/04/23 00:05,01F0681N,01F0664N,42,70,12
2024/04/23 00:05,01F0681N,01F0664N,5,67,17
2024/04/23 00:05,01F0633S,01F0664S,31,110,34
2024/04/23 00:05,01F0633S,01F0664S,32,115,4
2024/04/23 00:05,01F0633S,01F0664S,41,122,1
2024/04/23 00:05,01F0633S,01F0664S,42,120,10
2024/04/23 00:05,01F0633S,01F0664S,5,125,21
2024/04/23 00:05,01F0699N,01F0681N,31,63,43
2024/04/23 00:05,01F0699N,01F0681N,32,62,6
2024/04/23 00:05,01F0699N,01F0681N,41,69,1
2024/04/23 00:05,01F0699N,01F0681N,42,74,11
2024/04/23 00:05,01F0699N,01F0681N,5,77,17
2024/04/23 00:05,01F0664S,01F0681S,31,58,33
2024/04/23 00:05,01F0664S,01F0681S,32,59,8
2024/04/23 00:05,01F0664S,01F0681S,41,63,1
2024/04/23 00:05,01F0664S,01F0681S,42,65,12
2024/04/23 00:05,01F0664S,01F0681S,5,66,19
2024/04/23 00:05,01F0750N,01F0699N,31,166,35
2024/04/23 00:05,01F0750N,01F0699N,32,179,5
2024/04/23 00:05,01F0750N,01F0699N,41,192,1
2024/04/23 00:05,01F0750N,01F0699N,42,190,11
2024/04/23 00:05,01F0750N,01F0699N,5,204,12
2024/04/23 00:05,01F0681S,01F0699S,31,65,19
2024/04/23 00:05,01F0681S,01F0699S,32,68,7
2024/04/23 00:05,01F0681S,01F0699S,41,83,1
2024/04/23 00:05,01F0681S,01F0699S,42,70,8
2024/04/23 00:05,01F0681S,01F0699S,5,74,16
2024/04/23 00:05,01F0880N,01F0750N,31,476,35
2024/04/23 00:05,01F0880N,01F0750N,32,456,8
2024/04/23 00:05,01F0880N,01F0750N,41,495,2
2024/04/23 00:05,01F0880N,01F0750N,42,504,18
2024/04/23 00:05,01F0880N,01F0750N,5,535,10
2024/04/23 00:05,01F0699S,01F0750S,31,169,22
2024/04/23 00:05,01F0699S,01F0750S,32,171,6
2024/04/23 00:05,01F0699S,01F0750S,41,198,1
2024/04/23 00:05,01F0699S,01F0750S,42,184,10
2024/04/23 00:05,01F0699S,01F0750S,5,193,10
2024/04/23 00:05,01H0610S,01F0750S,31,482,41
2024/04/23 00:05,01H0610S,01F0750S,32,513,5
2024/04/23 00:05,01H0610S,01F0750S,41,491,1
2024/04/23 00:05,01H0610S,01F0750S,42,513,1
2024/04/23 00:05,01H0610S,01F0750S,5,0,0
2024/04/23 00:05,01F0928N,01F0880N,31,173,33
2024/04/23 00:05,01F0928N,01F0880N,32,171,11
2024/04/23 00:05,01F0928N,01F0880N,41,177,3
2024/04/23 00:05,01F0928N,01F0880N,42,190,12
2024/04/23 00:05,01F0928N,01F0880N,5,200,19
2024/04/23 00:05,01F0750S,01F0880S,31,439,43
2024/04/23 00:05,01F0750S,01F0880S,32,458,13
2024/04/23 00:05,01F0750S,01F0880S,41,466,2
2024/04/23 00:05,01F0750S,01F0880S,42,518,11
2024/04/23 00:05,01F0750S,01F0880S,5,512,19
2024/04/23 00:05,01F0956N,01F0928N,31,97,13
2024/04/23 00:05,01F0956N,01F0928N,32,96,7
2024/04/23 00:05,01F0956N,01F0928N,41,104,1
2024/04/23 00:05,01F0956N,01F0928N,42,109,10
2024/04/23 00:05,01F0956N,01F0928N,5,108,12
2024/04/23 00:05,01F0880S,01F0928S,31,163,43
2024/04/23 00:05,01F0880S,01F0928S,32,167,11
2024/04/23 00:05,01F0880S,01F0928S,41,218,1
2024/04/23 00:05,01F0880S,01F0928S,42,183,14
2024/04/23 00:05,01F0880S,01F0928S,5,194,17
2024/04/23 00:05,01F0928S,01F0950S,31,74,37
2024/04/23 00:05,01F0928S,01F0950S,32,77,12
2024/04/23 00:05,01F0928S,01F0950S,41,89,1
2024/04/23 00:05,01F0928S,01F0950S,42,87,16
2024/04/23 00:05,01F0928S,01F0950S,5,85,14
2024/04/23 00:05,01F0979N,01F0956N,31,79,15
2024/04/23 00:05,01F0979N,01F0956N,32,83,7
2024/04/23 00:05,01F0979N,01F0956N,41,0,0
2024/04/23 00:05,01F0979N,01F0956N,42,87,8
2024/04/23 00:05,01F0979N,01F0956N,5,100,10
2024/04/23 00:05,01F1045N,01F0979N,31,226,18
2024/04/23 00:05,01F1045N,01F0979N,32,232,4
2024/04/23 00:05,01F1045N,01F0979N,41,250,1
2024/04/23 00:05,01F1045N,01F0979N,42,272,7
2024/04/23 00:05,01F1045N,01F0979N,5,279,5
2024/04/23 00:05,03F0996S,01F0979N,31,78,1
2024/04/23 00:05,03F0996S,01F0979N,32,0,0
2024/04/23 00:05,03F0996S,01F0979N,41,0,0
2024/04/23 00:05,03F0996S,01F0979N,42,80,2
2024/04/23 00:05,03F0996S,01F0979N,5,0,0
2024/04/23 00:05,03F1022N,01F0979N,31,118,5
2024/04/23 00:05,03F1022N,01F0979N,32,125,3
2024/04/23 00:05,03F1022N,01F0979N,41,0,0
2024/04/23 00:05,03F1022N,01F0979N,42,143,4
2024/04/23 00:05,03F1022N,01F0979N,5,159,1
2024/04/23 00:05,01F0950S,01F0980S,31,104,49
2024/04/23 00:05,01F0950S,01F0980S,32,103,10
2024/04/23 00:05,01F0950S,01F0980S,41,121,5
2024/04/23 00:05,01F0950S,01F0980S,42,123,14
2024/04/23 00:05,01F0950S,01F0980S,5,118,11
2024/04/23 00:05,01F1123N,01F1045N,31,267,28
2024/04/23 00:05,01F1123N,01F1045N,32,287,11
2024/04/23 00:05,01F1123N,01F1045N,41,291,1
2024/04/23 00:05,01F1123N,01F1045N,42,308,10
2024/04/23 00:05,01F1123N,01F1045N,5,308,19
2024/04/23 00:05,01F0980S,01F1045S,31,218,28
2024/04/23 00:05,01F0980S,01F1045S,32,233,8
2024/04/23 00:05,01F0980S,01F1045S,41,262,2
2024/04/23 00:05,01F0980S,01F1045S,42,249,13
2024/04/23 00:05,01F0980S,01F1045S,5,253,14
2024/04/23 00:05,03F0996S,01F1045S,31,238,8
2024/04/23 00:05,03F0996S,01F1045S,32,0,0
2024/04/23 00:05,03F0996S,01F1045S,41,0,0
2024/04/23 00:05,03F0996S,01F1045S,42,253,1
2024/04/23 00:05,03F0996S,01F1045S,5,281,1
2024/04/23 00:05,03F1022N,01F1045S,31,1811,1
2024/04/23 00:05,03F1022N,01F1045S,32,0,0
2024/04/23 00:05,03F1022N,01F1045S,41,0,0
2024/04/23 00:05,03F1022N,01F1045S,42,0,0
2024/04/23 00:05,03F1022N,01F1045S,5,0,0
2024/04/23 00:05,01F1292N,01F1123N,31,583,26
2024/04/23 00:05,01F1292N,01F1123N,32,599,9
2024/04/23 00:05,01F1292N,01F1123N,41,0,0
2024/04/23 00:05,01F1292N,01F1123N,42,815,16
2024/04/23 00:05,01F1292N,01F1123N,5,777,10
2024/04/23 00:05,01F1045S,01F1123S,31,271,28
2024/04/23 00:05,01F1045S,01F1123S,32,285,3
2024/04/23 00:05,01F1045S,01F1123S,41,0,0
2024/04/23 00:05,01F1045S,01F1123S,42,305,10
2024/04/23 00:05,01F1045S,01F1123S,5,298,8
2024/04/23 00:05,01F1389N,01F1292N,31,318,23
2024/04/23 00:05,01F1389N,01F1292N,32,327,6
2024/04/23 00:05,01F1389N,01F1292N,41,0,0
2024/04/23 00:05,01F1389N,01F1292N,42,352,9
2024/04/23 00:05,01F1389N,01F1292N,5,359,10
2024/04/23 00:05,01F1123S,01F1292S,31,571,31
2024/04/23 00:05,01F1123S,01F1292S,32,620,8
2024/04/23 00:05,01F1123S,01F1292S,41,622,6
2024/04/23 00:05,01F1123S,01F1292S,42,734,11
2024/04/23 00:05,01F1123S,01F1292S,5,770,12
2024/04/23 00:05,01F1465N,01F1389N,31,254,25
2024/04/23 00:05,01F1465N,01F1389N,32,253,15
2024/04/23 00:05,01F1465N,01F1389N,41,274,1
2024/04/23 00:05,01F1465N,01F1389N,42,312,7
2024/04/23 00:05,01F1465N,01F1389N,5,291,8
2024/04/23 00:05,01F1292S,01F1389S,31,327,34
2024/04/23 00:05,01F1292S,01F1389S,32,359,10
2024/04/23 00:05,01F1292S,01F1389S,41,367,3
2024/04/23 00:05,01F1292S,01F1389S,42,380,11
2024/04/23 00:05,01F1292S,01F1389S,5,399,5
2024/04/23 00:05,01F1572N,01F1465N,31,354,27
2024/04/23 00:05,01F1572N,01F1465N,32,381,10
2024/04/23 00:05,01F1572N,01F1465N,41,401,2
2024/04/23 00:05,01F1572N,01F1465N,42,380,6
2024/04/23 00:05,01F1572N,01F1465N,5,499,18
2024/04/23 00:05,01F1389S,01F1465S,31,259,39
2024/04/23 00:05,01F1389S,01F1465S,32,266,9
2024/04/23 00:05,01F1389S,01F1465S,41,260,3
2024/04/23 00:05,01F1389S,01F1465S,42,303,15
2024/04/23 00:05,01F1389S,01F1465S,5,308,8
2024/04/23 00:05,01F1621N,01F1572N,31,168,35
2024/04/23 00:05,01F1621N,01F1572N,32,174,2
2024/04/23 00:05,01F1621N,01F1572N,41,0,0
2024/04/23 00:05,01F1621N,01F1572N,42,185,9
2024/04/23 00:05,01F1621N,01F1572N,5,201,11
2024/04/23 00:05,01F1465S,01F1572S,31,365,27
2024/04/23 00:05,01F1465S,01F1572S,32,390,13
2024/04/23 00:05,01F1465S,01F1572S,41,391,3
2024/04/23 00:05,01F1465S,01F1572S,42,404,10
2024/04/23 00:05,01F1465S,01F1572S,5,425,11
2024/04/23 00:05,01F1664N,01F1621N,31,143,32
2024/04/23 00:05,01F1664N,01F1621N,32,146,9
2024/04/23 00:05,01F1664N,01F1621N,41,159,1
2024/04/23 00:05,01F1664N,01F1621N,42,144,5
2024/04/23 00:05,01F1664N,01F1621N,5,178,12
2024/04/23 00:05,03F1651S,01F1621N,31,0,0
2024/04/23 00:05,03F1651S,01F1621N,32,0,0
2024/04/23 00:05,03F1651S,01F1621N,41,0,0
2024/04/23 00:05,03F1651S,01F1621N,42,0,0
2024/04/23 00:05,03F1651S,01F1621N,5,0,0
2024/04/23 00:05,03F1710N,01F1621N,31,0,0
2024/04/23 00:05,03F1710N,01F1621N,32,0,0
2024/04/23 00:05,03F1710N,01F1621N,41,0,0
2024/04/23 00:05,03F1710N,01F1621N,42,0,0
2024/04/23 00:05,03F1710N,01F1621N,5,0,0
2024/04/23 00:05,01F1572S,01F1621S,31,169,38
2024/04/23 00:05,01F1572S,01F1621S,32,169,16
2024/04/23 00:05,01F1572S,01F1621S,41,169,3
2024/04/23 00:05,01F1572S,01F1621S,42,186,10
2024/04/23 00:05,01F1572S,01F1621S,5,195,7
2024/04/23 00:05,01F1699N,01F1664N,31,114,45
2024/04/23 00:05,01F1699N,01F1664N,32,119,8
2024/04/23 00:05,01F1699N,01F1664N,41,128,3
2024/04/23 00:05,01F1699N,01F1664N,42,119,8
2024/04/23 00:05,01F1699N,01F1664N,5,136,17
2024/04/23 00:05,01F1621S,01F1664S,31,142,34
2024/04/23 00:05,01F1621S,01F1664S,32,153,8
2024/04/23 00:05,01F1621S,01F1664S,41,147,1
2024/04/23 00:05,01F1621S,01F1664S,42,163,10
2024/04/23 00:05,01F1621S,01F1664S,5,168,7
2024/04/23 00:05,03F1651S,01F1664S,31,402,1
2024/04/23 00:05,03F1651S,01F1664S,32,554,1
2024/04/23 00:05,03F1651S,01F1664S,41,0,0
2024/04/23 00:05,03F1651S,01F1664S,42,632,2
2024/04/23 00:05,03F1651S,01F1664S,5,0,0
2024/04/23 00:05,03F1710N,01F1664S,31,439,1
2024/04/23 00:05,03F1710N,01F1664S,32,824,1
2024/04/23 00:05,03F1710N,01F1664S,41,0,0
2024/04/23 00:05,03F1710N,01F1664S,42,0,0
2024/04/23 00:05,03F1710N,01F1664S,5,0,0
2024/04/23 00:05,01F1774N,01F1699N,31,243,39
2024/04/23 00:05,01F1774N,01F1699N,32,268,8
2024/04/23 00:05,01F1774N,01F1699N,41,278,1
2024/04/23 00:05,01F1774N,01F1699N,42,253,7
2024/04/23 00:05,01F1774N,01F1699N,5,318,12
2024/04/23 00:05,01F1664S,01F1699S,31,115,35
2024/04/23 00:05,01F1664S,01F1699S,32,133,9
2024/04/23 00:05,01F1664S,01F1699S,41,0,0
2024/04/23 00:05,01F1664S,01F1699S,42,131,8
2024/04/23 00:05,01F1664S,01F1699S,5,136,8
2024/04/23 00:05,01F1802N,01F1774N,31,88,33
2024/04/23 00:05,01F1802N,01F1774N,32,91,3
2024/04/23 00:05,01F1802N,01F1774N,41,1158,1
2024/04/23 00:05,01F1802N,01F1774N,42,106,14
2024/04/23 00:05,01F1802N,01F1774N,5,115,7
2024/04/23 00:05,01F1699S,01F1774S,31,246,24
2024/04/23 00:05,01F1699S,01F1774S,32,243,9
2024/04/23 00:05,01F1699S,01F1774S,41,298,4
2024/04/23 00:05,01F1699S,01F1774S,42,312,5
2024/04/23 00:05,01F1699S,01F1774S,5,279,5
2024/04/23 00:05,01F1839N,01F1802N,31,119,40
2024/04/23 00:05,01F1839N,01F1802N,32,124,6
2024/04/23 00:05,01F1839N,01F1802N,41,127,3
2024/04/23 00:05,01F1839N,01F1802N,42,145,10
2024/04/23 00:05,01F1839N,01F1802N,5,145,5
2024/04/23 00:05,01F1774S,01F1802S,31,89,28
2024/04/23 00:05,01F1774S,01F1802S,32,106,5
2024/04/23 00:05,01F1774S,01F1802S,41,102,5
2024/04/23 00:05,01F1774S,01F1802S,42,99,5
2024/04/23 00:05,01F1774S,01F1802S,5,105,8
2024/04/23 00:05,01F1906N,01F1839N,31,214,39
2024/04/23 00:05,01F1906N,01F1839N,32,234,8
2024/04/23 00:05,01F1906N,01F1839N,41,229,2
2024/04/23 00:05,01F1906N,01F1839N,42,255,10
2024/04/23 00:05,01F1906N,01F1839N,5,273,5
2024/04/23 00:05,01F1802S,01F1839S,31,119,33
2024/04/23 00:05,01F1802S,01F1839S,32,128,5
2024/04/23 00:05,01F1802S,01F1839S,41,129,2
2024/04/23 00:05,01F1802S,01F1839S,42,140,6
2024/04/23 00:05,01F1802S,01F1839S,5,138,6
2024/04/23 00:05,01F1960N,01F1906N,31,171,24
2024/04/23 00:05,01F1960N,01F1906N,32,194,5
2024/04/23 00:05,01F1960N,01F1906N,41,198,1
2024/04/23 00:05,01F1960N,01F1906N,42,187,9
2024/04/23 00:05,01F1960N,01F1906N,5,203,10
2024/04/23 00:05,03F1944S,01F1906N,31,0,0
2024/04/23 00:05,03F1944S,01F1906N,32,0,0
2024/04/23 00:05,03F1944S,01F1906N,41,0,0
2024/04/23 00:05,03F1944S,01F1906N,42,0,0
2024/04/23 00:05,03F1944S,01F1906N,5,0,0
2024/04/23 00:05,03F1992N,01F1906N,31,3405,1
2024/04/23 00:05,03F1992N,01F1906N,32,274,1
2024/04/23 00:05,03F1992N,01F1906N,41,0,0
2024/04/23 00:05,03F1992N,01F1906N,42,292,1
2024/04/23 00:05,03F1992N,01F1906N,5,0,0
2024/04/23 00:05,01F1839S,01F1906S,31,223,28
2024/04/23 00:05,01F1839S,01F1906S,32,207,7
2024/04/23 00:05,01F1839S,01F1906S,41,250,2
2024/04/23 00:05,01F1839S,01F1906S,42,257,8
2024/04/23 00:05,01F1839S,01F1906S,5,267,3
2024/04/23 00:05,01F2011N,01F1960N,31,165,27
2024/04/23 00:05,01F2011N,01F1960N,32,157,4
2024/04/23 00:05,01F2011N,01F1960N,41,186,3
2024/04/23 00:05,01F2011N,01F1960N,42,187,17
2024/04/23 00:05,01F2011N,01F1960N,5,213,22
2024/04/23 00:05,01F1906S,01F1960S,31,172,33
2024/04/23 00:05,01F1906S,01F1960S,32,173,9
2024/04/23 00:05,01F1906S,01F1960S,41,197,2
2024/04/23 00:05,01F1906S,01F1960S,42,205,13
2024/04/23 00:05,01F1906S,01F1960S,5,219,5
2024/04/23 00:05,03F1944S,01F1960S,31,235,7
2024/04/23 00:05,03F1944S,01F1960S,32,232,5
2024/04/23 00:05,03F1944S,01F1960S,41,257,1
2024/04/23 00:05,03F1944S,01F1960S,42,252,5
2024/04/23 00:05,03F1944S,01F1960S,5,269,5
2024/04/23 00:05,03F1992N,01F1960S,31,245,7
2024/04/23 00:05,03F1992N,01F1960S,32,264,3
2024/04/23 00:05,03F1992N,01F1960S,41,0,0
2024/04/23 00:05,03F1992N,01F1960S,42,0,0
2024/04/23 00:05,03F1992N,01F1960S,5,0,0
2024/04/23 00:05,01F2089N,01F2011N,31,256,41
2024/04/23 00:05,01F2089N,01F2011N,32,275,7
2024/04/23 00:05,01F2089N,01F2011N,41,277,1
2024/04/23 00:05,01F2089N,01F2011N,42,286,5
2024/04/23 00:05,01F2089N,01F2011N,5,328,17
2024/04/23 00:05,01F1960S,01F2011S,31,164,30
2024/04/23 00:05,01F1960S,01F2011S,32,170,11
2024/04/23 00:05,01F1960S,01F2011S,41,194,1
2024/04/23 00:05,01F1960S,01F2011S,42,185,8
2024/04/23 00:05,01F1960S,01F2011S,5,205,11
2024/04/23 00:05,01F2156N,01F2089N,31,226,31
2024/04/23 00:05,01F2156N,01F2089N,32,223,10
2024/04/23 00:05,01F2156N,01F2089N,41,0,0
2024/04/23 00:05,01F2156N,01F2089N,42,239,10
2024/04/23 00:05,01F2156N,01F2089N,5,268,16
2024/04/23 00:05,01F2011S,01F2089S,31,246,34
2024/04/23 00:05,01F2011S,01F2089S,32,260,10
2024/04/23 00:05,01F2011S,01F2089S,41,276,2
2024/04/23 00:05,01F2011S,01F2089S,42,287,12
2024/04/23 00:05,01F2011S,01F2089S,5,312,10
2024/04/23 00:05,01F2249N,01F2156N,31,303,28
2024/04/23 00:05,01F2249N,01F2156N,32,311,12
2024/04/23 00:05,01F2249N,01F2156N,41,376,4
2024/04/23 00:05,01F2249N,01F2156N,42,344,19
2024/04/23 00:05,01F2249N,01F2156N,5,376,16
2024/04/23 00:05,01F2089S,01F2156S,31,218,28
2024/04/23 00:05,01F2089S,01F2156S,32,231,3
2024/04/23 00:05,01F2089S,01F2156S,41,255,1
2024/04/23 00:05,01F2089S,01F2156S,42,250,8
2024/04/23 00:05,01F2089S,01F2156S,5,271,17
2024/04/23 00:05,01F2322N,01F2249N,31,237,28
2024/04/23 00:05,01F2322N,01F2249N,32,254,7
2024/04/23 00:05,01F2322N,01F2249N,41,0,0
2024/04/23 00:05,01F2322N,01F2249N,42,273,20
2024/04/23 00:05,01F2322N,01F2249N,5,301,16
2024/04/23 00:05,01F2156S,01F2249S,31,296,30
2024/04/23 00:05,01F2156S,01F2249S,32,297,12
2024/04/23 00:05,01F2156S,01F2249S,41,0,0
2024/04/23 00:05,01F2156S,01F2249S,42,358,8
2024/04/23 00:05,01F2156S,01F2249S,5,355,15
2024/04/23 00:05,01F2394N,01F2322N,31,240,30
2024/04/23 00:05,01F2394N,01F2322N,32,256,6
2024/04/23 00:05,01F2394N,01F2322N,41,275,1
2024/04/23 00:05,01F2394N,01F2322N,42,280,15
2024/04/23 00:05,01F2394N,01F2322N,5,308,17
2024/04/23 00:05,01F2249S,01F2322S,31,232,34
2024/04/23 00:05,01F2249S,01F2322S,32,244,11
2024/04/23 00:05,01F2249S,01F2322S,41,271,2
2024/04/23 00:05,01F2249S,01F2322S,42,286,14
2024/04/23 00:05,01F2249S,01F2322S,5,309,4
2024/04/23 00:05,01F2425N,01F2394N,31,95,24
2024/04/23 00:05,01F2425N,01F2394N,32,98,8
2024/04/23 00:05,01F2425N,01F2394N,41,116,1
2024/04/23 00:05,01F2425N,01F2394N,42,112,10
2024/04/23 00:05,01F2425N,01F2394N,5,127,14
2024/04/23 00:05,01F2322S,01F2394S,31,226,30
2024/04/23 00:05,01F2322S,01F2394S,32,237,9
2024/04/23 00:05,01F2322S,01F2394S,41,259,1
2024/04/23 00:05,01F2322S,01F2394S,42,262,13
2024/04/23 00:05,01F2322S,01F2394S,5,302,13
2024/04/23 00:05,01F2472N,01F2425N,31,146,19
2024/04/23 00:05,01F2472N,01F2425N,32,154,9
2024/04/23 00:05,01F2472N,01F2425N,41,171,2
2024/04/23 00:05,01F2472N,01F2425N,42,186,12
2024/04/23 00:05,01F2472N,01F2425N,5,200,10
2024/04/23 00:05,01F2394S,01F2425S,31,97,27
2024/04/23 00:05,01F2394S,01F2425S,32,101,8
2024/04/23 00:05,01F2394S,01F2425S,41,110,1
2024/04/23 00:05,01F2394S,01F2425S,42,113,13
2024/04/23 00:05,01F2394S,01F2425S,5,131,14
2024/04/23 00:05,01F2514N,01F2472N,31,134,21
2024/04/23 00:05,01F2514N,01F2472N,32,137,5
2024/04/23 00:05,01F2514N,01F2472N,41,160,3
2024/04/23 00:05,01F2514N,01F2472N,42,164,17
2024/04/23 00:05,01F2514N,01F2472N,5,168,11
2024/04/23 00:05,01F2425S,01F2472S,31,145,33
2024/04/23 00:05,01F2425S,01F2472S,32,146,10
2024/04/23 00:05,01F2425S,01F2472S,41,174,2
2024/04/23 00:05,01F2425S,01F2472S,42,193,9
2024/04/23 00:05,01F2425S,01F2472S,5,197,13
2024/04/23 00:05,01F2603N,01F2514N,31,285,23
2024/04/23 00:05,01F2603N,01F2514N,32,284,5
2024/04/23 00:05,01F2603N,01F2514N,41,324,2
2024/04/23 00:05,01F2603N,01F2514N,42,352,20
2024/04/23 00:05,01F2603N,01F2514N,5,357,12
2024/04/23 00:05,01F2472S,01F2514S,31,137,30
2024/04/23 00:05,01F2472S,01F2514S,32,140,8
2024/04/23 00:05,01F2472S,01F2514S,41,158,1
2024/04/23 00:05,01F2472S,01F2514S,42,168,11
2024/04/23 00:05,01F2472S,01F2514S,5,171,16
2024/04/23 00:05,01F2674N,01F2603N,31,236,17
2024/04/23 00:05,01F2674N,01F2603N,32,246,8
2024/04/23 00:05,01F2674N,01F2603N,41,350,1
2024/04/23 00:05,01F2674N,01F2603N,42,252,16
2024/04/23 00:05,01F2674N,01F2603N,5,297,19
2024/04/23 00:05,01F2514S,01F2603S,31,286,24
2024/04/23 00:05,01F2514S,01F2603S,32,284,6
2024/04/23 00:05,01F2514S,01F2603S,41,321,1
2024/04/23 00:05,01F2514S,01F2603S,42,302,5
2024/04/23 00:05,01F2514S,01F2603S,5,355,8
2024/04/23 00:05,01F2714N,01F2674N,31,135,18
2024/04/23 00:05,01F2714N,01F2674N,32,128,9
2024/04/23 00:05,01F2714N,01F2674N,41,0,0
2024/04/23 00:05,01F2714N,01F2674N,42,154,14
2024/04/23 00:05,01F2714N,01F2674N,5,163,13
2024/04/23 00:05,01F2603S,01F2674S,31,233,24
2024/04/23 00:05,01F2603S,01F2674S,32,223,4
2024/04/23 00:05,01F2603S,01F2674S,41,261,2
2024/04/23 00:05,01F2603S,01F2674S,42,288,9
2024/04/23 00:05,01F2603S,01F2674S,5,287,10
2024/04/23 00:05,01F2827N,01F2714N,31,363,15
2024/04/23 00:05,01F2827N,01F2714N,32,376,13
2024/04/23 00:05,01F2827N,01F2714N,41,0,0
2024/04/23 00:05,01F2827N,01F2714N,42,475,11
2024/04/23 00:05,01F2827N,01F2714N,5,448,17
2024/04/23 00:05,01F2674S,01F2714S,31,130,27
2024/04/23 00:05,01F2674S,01F2714S,32,132,7
2024/04/23 00:05,01F2674S,01F2714S,41,149,3
2024/04/23 00:05,01F2674S,01F2714S,42,165,11
2024/04/23 00:05,01F2674S,01F2714S,5,165,15
2024/04/23 00:05,01F2866N,01F2827N,31,125,26
2024/04/23 00:05,01F2866N,01F2827N,32,136,10
2024/04/23 00:05,01F2866N,01F2827N,41,143,1
2024/04/23 00:05,01F2866N,01F2827N,42,142,8
2024/04/23 00:05,01F2866N,01F2827N,5,149,13
2024/04/23 00:05,01F2714S,01F2827S,31,373,29
2024/04/23 00:05,01F2714S,01F2827S,32,374,8
2024/04/23 00:05,01F2714S,01F2827S,41,0,0
2024/04/23 00:05,01F2714S,01F2827S,42,426,6
2024/04/23 00:05,01F2714S,01F2827S,5,475,6
2024/04/23 00:05,01F2930N,01F2866N,31,209,27
2024/04/23 00:05,01F2930N,01F2866N,32,219,6
2024/04/23 00:05,01F2930N,01F2866N,41,0,0
2024/04/23 00:05,01F2930N,01F2866N,42,313,9
2024/04/23 00:05,01F2930N,01F2866N,5,272,14
2024/04/23 00:05,01F2827S,01F2866S,31,130,22
2024/04/23 00:05,01F2827S,01F2866S,32,143,9
2024/04/23 00:05,01F2827S,01F2866S,41,143,2
2024/04/23 00:05,01F2827S,01F2866S,42,145,5
2024/04/23 00:05,01F2827S,01F2866S,5,162,12
2024/04/23 00:05,01F3019N,01F2930N,31,288,23
2024/04/23 00:05,01F3019N,01F2930N,32,308,5
2024/04/23 00:05,01F3019N,01F2930N,41,326,1
2024/04/23 00:05,01F3019N,01F2930N,42,313,10
2024/04/23 00:05,01F3019N,01F2930N,5,384,16
2024/04/23 00:05,01F2866S,01F2930S,31,205,26
2024/04/23 00:05,01F2866S,01F2930S,32,222,8
2024/04/23 00:05,01F2866S,01F2930S,41,231,2
2024/04/23 00:05,01F2866S,01F2930S,42,245,4
2024/04/23 00:05,01F2866S,01F2930S,5,262,17
2024/04/23 00:05,01F3083N,01F3019N,31,207,30
2024/04/23 00:05,01F3083N,01F3019N,32,200,7
2024/04/23 00:05,01F3083N,01F3019N,41,0,0
2024/04/23 00:05,01F3083N,01F3019N,42,220,7
2024/04/23 00:05,01F3083N,01F3019N,5,268,13
2024/04/23 00:05,01F2930S,01F3019S,31,333,37
2024/04/23 00:05,01F2930S,01F3019S,32,325,13
2024/04/23 00:05,01F2930S,01F3019S,41,367,2
2024/04/23 00:05,01F2930S,01F3019S,42,384,9
2024/04/23 00:05,01F2930S,01F3019S,5,398,9
2024/04/23 00:05,01F3126N,01F3083N,31,142,29
2024/04/23 00:05,01F3126N,01F3083N,32,143,8
2024/04/23 00:05,01F3126N,01F3083N,41,158,1
2024/04/23 00:05,01F3126N,01F3083N,42,161,9
2024/04/23 00:05,01F3126N,01F3083N,5,195,32
2024/04/23 00:05,01F3019S,01F3083S,31,219,32
2024/04/23 00:05,01F3019S,01F3083S,32,230,10
2024/04/23 00:05,01F3019S,01F3083S,41,852,1
2024/04/23 00:05,01F3019S,01F3083S,42,266,8
2024/04/23 00:05,01F3019S,01F3083S,5,275,16
2024/04/23 00:05,01F3185N,01F3126N,31,199,27
2024/04/23 00:05,01F3185N,01F3126N,32,207,10
2024/04/23 00:05,01F3185N,01F3126N,41,193,1
2024/04/23 00:05,01F3185N,01F3126N,42,221,7
2024/04/23 00:05,01F3185N,01F3126N,5,262,19
2024/04/23 00:05,03F3445S,01F3126N,31,0,0
2024/04/23 00:05,03F3445S,01F3126N,32,0,0
2024/04/23 00:05,03F3445S,01F3126N,41,0,0
2024/04/23 00:05,03F3445S,01F3126N,42,0,0
2024/04/23 00:05,03F3445S,01F3126N,5,0,0
2024/04/23 00:05,03F3496N,01F3126N,31,476,1
2024/04/23 00:05,03F3496N,01F3126N,32,0,0
2024/04/23 00:05,03F3496N,01F3126N,41,0,0
2024/04/23 00:05,03F3496N,01F3126N,42,0,0
2024/04/23 00:05,03F3496N,01F3126N,5,0,0
2024/04/23 00:05,01F3083S,01F3126S,31,136,36
2024/04/23 00:05,01F3083S,01F3126S,32,135,6
2024/04/23 00:05,01F3083S,01F3126S,41,0,0
2024/04/23 00:05,01F3083S,01F3126S,42,160,9
2024/04/23 00:05,01F3083S,01F3126S,5,164,15
2024/04/23 00:05,01F3227N,01F3185N,31,138,33
2024/04/23 00:05,01F3227N,01F3185N,32,143,10
2024/04/23 00:05,01F3227N,01F3185N,41,0,0
2024/04/23 00:05,01F3227N,01F3185N,42,157,1
2024/04/23 00:05,01F3227N,01F3185N,5,167,12
2024/04/23 00:05,01F3126S,01F3185S,31,197,23
2024/04/23 00:05,01F3126S,01F3185S,32,190,9
2024/04/23 00:05,01F3126S,01F3185S,41,0,0
2024/04/23 00:05,01F3126S,01F3185S,42,241,8
2024/04/23 00:05,01F3126S,01F3185S,5,275,7
2024/04/23 00:05,03F3445S,01F3185S,31,554,2
2024/04/23 00:05,03F3445S,01F3185S,32,0,0
2024/04/23 00:05,03F3445S,01F3185S,41,550,1
2024/04/23 00:05,03F3445S,01F3185S,42,0,0
2024/04/23 00:05,03F3445S,01F3185S,5,638,1
2024/04/23 00:05,03F3496N,01F3185S,31,603,1
2024/04/23 00:05,03F3496N,01F3185S,32,0,0
2024/04/23 00:05,03F3496N,01F3185S,41,0,0
2024/04/23 00:05,03F3496N,01F3185S,42,0,0
2024/04/23 00:05,03F3496N,01F3185S,5,0,0
2024/04/23 00:05,01F3252N,01F3227N,31,84,37
2024/04/23 00:05,01F3252N,01F3227N,32,87,11
2024/04/23 00:05,01F3252N,01F3227N,41,0,0
2024/04/23 00:05,01F3252N,01F3227N,42,97,4
2024/04/23 00:05,01F3252N,01F3227N,5,102,11
2024/04/23 00:05,01F3185S,01F3227S,31,137,38
2024/04/23 00:05,01F3185S,01F3227S,32,130,7
2024/04/23 00:05,01F3185S,01F3227S,41,0,0
2024/04/23 00:05,01F3185S,01F3227S,42,172,9
2024/04/23 00:05,01F3185S,01F3227S,5,166,4
2024/04/23 00:05,01F3286N,01F3252N,31,109,33
2024/04/23 00:05,01F3286N,01F3252N,32,115,5
2024/04/23 00:05,01F3286N,01F3252N,41,0,0
2024/04/23 00:05,01F3286N,01F3252N,42,135,7
2024/04/23 00:05,01F3286N,01F3252N,5,141,17
2024/04/23 00:05,01F3227S,01F3252S,31,79,28
2024/04/23 00:05,01F3227S,01F3252S,32,88,9
2024/04/23 00:05,01F3227S,01F3252S,41,97,1
2024/04/23 00:05,01F3227S,01F3252S,42,96,9
2024/04/23 00:05,01F3227S,01F3252S,5,105,4
2024/04/23 00:05,01F3366N,01F3286N,31,266,24
2024/04/23 00:05,01F3366N,01F3286N,32,267,11
2024/04/23 00:05,01F3366N,01F3286N,41,0,0
2024/04/23 00:05,01F3366N,01F3286N,42,301,5
2024/04/23 00:05,01F3366N,01F3286N,5,338,15
2024/04/23 00:05,01F3252S,01F3286S,31,115,25
2024/04/23 00:05,01F3252S,01F3286S,32,115,7
2024/04/23 00:05,01F3252S,01F3286S,41,128,1
2024/04/23 00:05,01F3252S,01F3286S,42,142,8
2024/04/23 00:05,01F3252S,01F3286S,5,138,4
2024/04/23 00:05,01F3398N,01F3366N,31,102,38
2024/04/23 00:05,01F3398N,01F3366N,32,105,17
2024/04/23 00:05,01F3398N,01F3366N,41,107,1
2024/04/23 00:05,01F3398N,01F3366N,42,110,5
2024/04/23 00:05,01F3398N,01F3366N,5,128,7
2024/04/23 00:05,01F3286S,01F3366S,31,268,27
2024/04/23 00:05,01F3286S,01F3366S,32,276,6
2024/04/23 00:05,01F3286S,01F3366S,41,0,0
2024/04/23 00:05,01F3286S,01F3366S,42,288,8
2024/04/23 00:05,01F3286S,01F3366S,5,316,4
2024/04/23 00:05,01F3460N,01F3398N,31,199,38
2024/04/23 00:05,01F3460N,01F3398N,32,212,13
2024/04/23 00:05,01F3460N,01F3398N,41,0,0
2024/04/23 00:05,01F3460N,01F3398N,42,217,2
2024/04/23 00:05,01F3460N,01F3398N,5,253,6
2024/04/23 00:05,01F3366S,01F3398S,31,103,30
2024/04/23 00:05,01F3366S,01F3398S,32,99,6
2024/04/23 00:05,01F3366S,01F3398S,41,107,1
2024/04/23 00:05,01F3366S,01F3398S,42,112,6
2024/04/23 00:05,01F3366S,01F3398S,5,127,5
2024/04/23 00:05,01F3535N,01F3460N,31,248,26
2024/04/23 00:05,01F3535N,01F3460N,32,248,13
2024/04/23 00:05,01F3535N,01F3460N,41,0,0
2024/04/23 00:05,01F3535N,01F3460N,42,265,5
2024/04/23 00:05,01F3535N,01F3460N,5,317,5
2024/04/23 00:05,01F3398S,01F3460S,31,206,40
2024/04/23 00:05,01F3398S,01F3460S,32,212,10
2024/04/23 00:05,01F3398S,01F3460S,41,0,0
2024/04/23 00:05,01F3398S,01F3460S,42,223,2
2024/04/23 00:05,01F3398S,01F3460S,5,276,3
2024/04/23 00:05,01F3559N,01F3535N,31,80,51
2024/04/23 00:05,01F3559N,01F3535N,32,85,6
2024/04/23 00:05,01F3559N,01F3535N,41,0,0
2024/04/23 00:05,01F3559N,01F3535N,42,83,3
2024/04/23 00:05,01F3559N,01F3535N,5,96,7
2024/04/23 00:05,01F3460S,01F3535S,31,259,45
2024/04/23 00:05,01F3460S,01F3535S,32,265,11
2024/04/23 00:05,01F3460S,01F3535S,41,311,2
2024/04/23 00:05,01F3460S,01F3535S,42,348,10
2024/04/23 00:05,01F3460S,01F3535S,5,353,6
2024/04/23 00:05,01F3590N,01F3559N,31,107,53
2024/04/23 00:05,01F3590N,01F3559N,32,115,9
2024/04/23 00:05,01F3590N,01F3559N,41,0,0
2024/04/23 00:05,01F3590N,01F3559N,42,114,2
2024/04/23 00:05,01F3590N,01F3559N,5,130,5
2024/04/23 00:05,01F3535S,01F3561S,31,90,44
2024/04/23 00:05,01F3535S,01F3561S,32,95,14
2024/04/23 00:05,01F3535S,01F3561S,41,111,2
2024/04/23 00:05,01F3535S,01F3561S,42,95,7
2024/04/23 00:05,01F3535S,01F3561S,5,105,2
2024/04/23 00:05,01F3640N,01F3590N,31,173,46
2024/04/23 00:05,01F3640N,01F3590N,32,169,9
2024/04/23 00:05,01F3640N,01F3590N,41,194,2
2024/04/23 00:05,01F3640N,01F3590N,42,182,1
2024/04/23 00:05,01F3640N,01F3590N,5,198,6
2024/04/23 00:05,03F3743S,01F3590N,31,0,0
2024/04/23 00:05,03F3743S,01F3590N,32,0,0
2024/04/23 00:05,03F3743S,01F3590N,41,0,0
2024/04/23 00:05,03F3743S,01F3590N,42,0,0
2024/04/23 00:05,03F3743S,01F3590N,5,0,0
2024/04/23 00:05,03F3854N,01F3590N,31,0,0
2024/04/23 00:05,03F3854N,01F3590N,32,0,0
2024/04/23 00:05,03F3854N,01F3590N,41,0,0
2024/04/23 00:05,03F3854N,01F3590N,42,0,0
2024/04/23 00:05,03F3854N,01F3590N,5,0,0
2024/04/23 00:05,01F3561S,01F3590S,31,99,36
2024/04/23 00:05,01F3561S,01F3590S,32,104,15
2024/04/23 00:05,01F3561S,01F3590S,41,130,1
2024/04/23 00:05,01F3561S,01F3590S,42,108,8
2024/04/23 00:05,01F3561S,01F3590S,5,121,1
2024/04/23 00:05,01F3676N,01F3640N,31,136,42
2024/04/23 00:05,01F3676N,01F3640N,32,130,6
2024/04/23 00:05,01F3676N,01F3640N,41,143,2
2024/04/23 00:05,01F3676N,01F3640N,42,165,6
2024/04/23 00:05,01F3676N,01F3640N,5,161,8
2024/04/23 00:05,01F3590S,01F3640S,31,171,37
2024/04/23 00:05,01F3590S,01F3640S,32,196,10
2024/04/23 00:05,01F3590S,01F3640S,41,184,2
2024/04/23 00:05,01F3590S,01F3640S,42,203,8
2024/04/23 00:05,01F3590S,01F3640S,5,217,4
2024/04/23 00:05,03F3743S,01F3640S,31,767,1
2024/04/23 00:05,03F3743S,01F3640S,32,0,0
2024/04/23 00:05,03F3743S,01F3640S,41,0,0
2024/04/23 00:05,03F3743S,01F3640S,42,0,0
2024/04/23 00:05,03F3743S,01F3640S,5,0,0
2024/04/23 00:05,03F3854N,01F3640S,31,906,1
2024/04/23 00:05,03F3854N,01F3640S,32,792,2
2024/04/23 00:05,03F3854N,01F3640S,41,0,0
2024/04/23 00:05,03F3854N,01F3640S,42,0,0
2024/04/23 00:05,03F3854N,01F3640S,5,0,0
2024/04/23 00:05,01F3696N,01F3676N,31,73,48
2024/04/23 00:05,01F3696N,01F3676N,32,82,6
2024/04/23 00:05,01F3696N,01F3676N,41,73,1
2024/04/23 00:05,01F3696N,01F3676N,42,87,4
2024/04/23 00:05,01F3696N,01F3676N,5,84,5
2024/04/23 00:05,01F3640S,01F3676S,31,129,32
2024/04/23 00:05,01F3640S,01F3676S,32,123,13
2024/04/23 00:05,01F3640S,01F3676S,41,0,0
2024/04/23 00:05,01F3640S,01F3676S,42,125,1
2024/04/23 00:05,01F3640S,01F3676S,5,145,6
2024/04/23 00:05,01F3676S,01F3686S,31,38,31
2024/04/23 00:05,01F3676S,01F3686S,32,36,18
2024/04/23 00:05,01F3676S,01F3686S,41,0,0
2024/04/23 00:05,01F3676S,01F3686S,42,36,1
2024/04/23 00:05,01F3676S,01F3686S,5,42,7
2024/04/23 00:05,01F3736N,01F3696N,31,152,4
2024/04/23 00:05,01F3736N,01F3696N,32,168,1
2024/04/23 00:05,01F3736N,01F3696N,41,0,0
2024/04/23 00:05,01F3736N,01F3696N,42,0,0
2024/04/23 00:05,01F3736N,01F3696N,5,0,0
2024/04/23 00:05,01F3686S,01F3736S,31,187,1
2024/04/23 00:05,01F3686S,01F3736S,32,0,0
2024/04/23 00:05,01F3686S,01F3736S,41,0,0
2024/04/23 00:05,01F3686S,01F3736S,42,0,0
2024/04/23 00:05,01F3686S,01F3736S,5,0,0
2024/04/23 00:05,01F0099S,01H0163S,31,233,7
2024/04/23 00:05,01F0099S,01H0163S,32,240,4
2024/04/23 00:05,01F0099S,01H0163S,41,248,1
2024/04/23 00:05,01F0099S,01H0163S,42,0,0
2024/04/23 00:05,01F0099S,01H0163S,5,0,0
2024/04/23 00:05,03F0087S,01H0163S,31,291,2
2024/04/23 00:05,03F0087S,01H0163S,32,0,0
2024/04/23 00:05,03F0087S,01H0163S,41,0,0
2024/04/23 00:05,03F0087S,01H0163S,42,0,0
2024/04/23 00:05,03F0087S,01H0163S,5,0,0
2024/04/23 00:05,03F0116N,01H0163S,31,276,1
2024/04/23 00:05,03F0116N,01H0163S,32,252,1
2024/04/23 00:05,03F0116N,01H0163S,41,0,0
2024/04/23 00:05,03F0116N,01H0163S,42,0,0
2024/04/23 00:05,03F0116N,01H0163S,5,0,0
2024/04/23 00:05,01H0200N,01H0174N,31,95,22
2024/04/23 00:05,01H0200N,01H0174N,32,103,6
2024/04/23 00:05,01H0200N,01H0174N,41,0,0
2024/04/23 00:05,01H0200N,01H0174N,42,0,0
2024/04/23 00:05,01H0200N,01H0174N,5,0,0
2024/04/23 00:05,01H0208N,01H0200N,31,28,37
2024/04/23 00:05,01H0208N,01H0200N,32,29,11
2024/04/23 00:05,01H0208N,01H0200N,41,0,0
2024/04/23 00:05,01H0208N,01H0200N,42,0,0
2024/04/23 00:05,01H0208N,01H0200N,5,28,2
2024/04/23 00:05,01H0163S,01H0206S,31,156,14
2024/04/23 00:05,01H0163S,01H0206S,32,161,9
2024/04/23 00:05,01H0163S,01H0206S,41,171,2
2024/04/23 00:05,01H0163S,01H0206S,42,0,0
2024/04/23 00:05,01H0163S,01H0206S,5,0,0
2024/04/23 00:05,01H0271N,01H0208N,31,219,38
2024/04/23 00:05,01H0271N,01H0208N,32,221,9
2024/04/23 00:05,01H0271N,01H0208N,41,0,0
2024/04/23 00:05,01H0271N,01H0208N,42,0,0
2024/04/23 00:05,01H0271N,01H0208N,5,0,0
2024/04/23 00:05,01F0340N,01H0271N,31,250,12
2024/04/23 00:05,01F0340N,01H0271N,32,243,2
2024/04/23 00:05,01F0340N,01H0271N,41,0,0
2024/04/23 00:05,01F0340N,01H0271N,42,0,0
2024/04/23 00:05,01F0340N,01H0271N,5,0,0
2024/04/23 00:05,01H0333N,01H0271N,31,214,22
2024/04/23 00:05,01H0333N,01H0271N,32,201,2
2024/04/23 00:05,01H0333N,01H0271N,41,249,1
2024/04/23 00:05,01H0333N,01H0271N,42,224,1
2024/04/23 00:05,01H0333N,01H0271N,5,0,0
2024/04/23 00:05,01H0206S,01H0305S,31,362,29
2024/04/23 00:05,01H0206S,01H0305S,32,362,7
2024/04/23 00:05,01H0206S,01H0305S,41,0,0
2024/04/23 00:05,01H0206S,01H0305S,42,0,0
2024/04/23 00:05,01H0206S,01H0305S,5,0,0
2024/04/23 00:05,01H0447N,01H0333N,31,412,11
2024/04/23 00:05,01H0447N,01H0333N,32,0,0
2024/04/23 00:05,01H0447N,01H0333N,41,0,0
2024/04/23 00:05,01H0447N,01H0333N,42,0,0
2024/04/23 00:05,01H0447N,01H0333N,5,0,0
2024/04/23 00:05,01H0305S,01H0334S,31,101,18
2024/04/23 00:05,01H0305S,01H0334S,32,95,2
2024/04/23 00:05,01H0305S,01H0334S,41,0,0
2024/04/23 00:05,01H0305S,01H0334S,42,110,1
2024/04/23 00:05,01H0305S,01H0334S,5,110,1
2024/04/23 00:05,01H0579N,01H0447N,31,452,21
2024/04/23 00:05,01H0579N,01H0447N,32,502,7
2024/04/23 00:05,01H0579N,01H0447N,41,0,0
2024/04/23 00:05,01H0579N,01H0447N,42,0,0
2024/04/23 00:05,01H0579N,01H0447N,5,452,1
2024/04/23 00:05,01F0339S,01H0447S,31,401,30
2024/04/23 00:05,01F0339S,01H0447S,32,421,5
2024/04/23 00:05,01F0339S,01H0447S,41,423,2
2024/04/23 00:05,01F0339S,01H0447S,42,437,1
2024/04/23 00:05,01F0339S,01H0447S,5,0,0
2024/04/23 00:05,01H0334S,01H0447S,31,408,10
2024/04/23 00:05,01H0334S,01H0447S,32,440,1
2024/04/23 00:05,01H0334S,01H0447S,41,0,0
2024/04/23 00:05,01H0334S,01H0447S,42,421,1
2024/04/23 00:05,01H0334S,01H0447S,5,0,0
2024/04/23 00:05,01F0633N,01H0579N,31,195,8
2024/04/23 00:05,01F0633N,01H0579N,32,173,2
2024/04/23 00:05,01F0633N,01H0579N,41,0,0
2024/04/23 00:05,01F0633N,01H0579N,42,0,0
2024/04/23 00:05,01F0633N,01H0579N,5,0,0
2024/04/23 00:05,01H0608N,01H0579N,31,99,22
2024/04/23 00:05,01H0608N,01H0579N,32,108,4
2024/04/23 00:05,01H0608N,01H0579N,41,114,1
2024/04/23 00:05,01H0608N,01H0579N,42,0,0
2024/04/23 00:05,01H0608N,01H0579N,5,0,0
2024/04/23 00:05,01H0447S,01H0579S,31,456,32
2024/04/23 00:05,01H0447S,01H0579S,32,479,8
2024/04/23 00:05,01H0447S,01H0579S,41,0,0
2024/04/23 00:05,01H0447S,01H0579S,42,0,0
2024/04/23 00:05,01H0447S,01H0579S,5,0,0
2024/04/23 00:05,01F0750N,01H0608N,31,453,23
2024/04/23 00:05,01F0750N,01H0608N,32,444,3
2024/04/23 00:05,01F0750N,01H0608N,41,577,1
2024/04/23 00:05,01F0750N,01H0608N,42,0,0
2024/04/23 00:05,01F0750N,01H0608N,5,0,0
2024/04/23 00:05,01F0578S,01H0610S,31,117,9
2024/04/23 00:05,01F0578S,01H0610S,32,115,1
2024/04/23 00:05,01F0578S,01H0610S,41,0,0
2024/04/23 00:05,01F0578S,01H0610S,42,0,0
2024/04/23 00:05,01F0578S,01H0610S,5,0,0
2024/04/23 00:05,01H0579S,01H0610S,31,111,26
2024/04/23 00:05,01H0579S,01H0610S,32,117,2
2024/04/23 00:05,01H0579S,01H0610S,41,0,0
2024/04/23 00:05,01H0579S,01H0610S,42,0,0
2024/04/23 00:05,01H0579S,01H0610S,5,111,1
2024/04/23 00:05,03A0041N,03A0015N,31,109,5
2024/04/23 00:05,03A0041N,03A0015N,32,0,0
2024/04/23 00:05,03A0041N,03A0015N,41,0,0
2024/04/23 00:05,03A0041N,03A0015N,42,119,1
2024/04/23 00:05,03A0041N,03A0015N,5,0,0
2024/04/23 00:05,03F0201S,03A0041N,31,64,5
2024/04/23 00:05,03F0201S,03A0041N,32,0,0
2024/04/23 00:05,03F0201S,03A0041N,41,0,0
2024/04/23 00:05,03F0201S,03A0041N,42,0,0
2024/04/23 00:05,03F0201S,03A0041N,5,0,0
2024/04/23 00:05,03F0217N,03A0041N,31,117,1
2024/04/23 00:05,03F0217N,03A0041N,32,98,1
2024/04/23 00:05,03F0217N,03A0041N,41,0,0
2024/04/23 00:05,03F0217N,03A0041N,42,0,0
2024/04/23 00:05,03F0217N,03A0041N,5,0,0
2024/04/23 00:05,03A0015S,03A0041S,31,106,9
2024/04/23 00:05,03A0015S,03A0041S,32,132,6
2024/04/23 00:05,03A0015S,03A0041S,41,0,0
2024/04/23 00:05,03A0015S,03A0041S,42,0,0
2024/04/23 00:05,03A0015S,03A0041S,5,0,0
2024/04/23 00:05,03F0054N,03F0021N,31,132,15
2024/04/23 00:05,03F0054N,03F0021N,32,142,4
2024/04/23 00:05,03F0054N,03F0021N,41,0,0
2024/04/23 00:05,03F0054N,03F0021N,42,0,0
2024/04/23 00:05,03F0054N,03F0021N,5,0,0
2024/04/23 00:05,01F0099S,03F0054N,31,1657,1
2024/04/23 00:05,01F0099S,03F0054N,32,0,0
2024/04/23 00:05,01F0099S,03F0054N,41,0,0
2024/04/23 00:05,01F0099S,03F0054N,42,0,0
2024/04/23 00:05,01F0099S,03F0054N,5,0,0
2024/04/23 00:05,01F0147N,03F0054N,31,338,7
2024/04/23 00:05,01F0147N,03F0054N,32,366,1
2024/04/23 00:05,01F0147N,03F0054N,41,367,1
2024/04/23 00:05,01F0147N,03F0054N,42,343,1
2024/04/23 00:05,01F0147N,03F0054N,5,0,0
2024/04/23 00:05,01H0174N,03F0054N,31,489,1
2024/04/23 00:05,01H0174N,03F0054N,32,0,0
2024/04/23 00:05,01H0174N,03F0054N,41,0,0
2024/04/23 00:05,01H0174N,03F0054N,42,0,0
2024/04/23 00:05,01H0174N,03F0054N,5,0,0
2024/04/23 00:05,03F0116N,03F0054N,31,232,6
2024/04/23 00:05,03F0116N,03F0054N,32,229,1
2024/04/23 00:05,03F0116N,03F0054N,41,0,0
2024/04/23 00:05,03F0116N,03F0054N,42,0,0
2024/04/23 00:05,03F0116N,03F0054N,5,0,0
2024/04/23 00:05,03F0006S,03F0087S,31,310,10
2024/04/23 00:05,03F0006S,03F0087S,32,315,1
2024/04/23 00:05,03F0006S,03F0087S,41,0,0
2024/04/23 00:05,03F0006S,03F0087S,42,0,0
2024/04/23 00:05,03F0006S,03F0087S,5,330,1
2024/04/23 00:05,03F0140N,03F0116N,31,90,11
2024/04/23 00:05,03F0140N,03F0116N,32,85,2
2024/04/23 00:05,03F0140N,03F0116N,41,0,0
2024/04/23 00:05,03F0140N,03F0116N,42,78,1
2024/04/23 00:05,03F0140N,03F0116N,5,0,0
2024/04/23 00:05,01F0099S,03F0116S,31,107,5
2024/04/23 00:05,01F0099S,03F0116S,32,102,2
2024/04/23 00:05,01F0099S,03F0116S,41,0,0
2024/04/23 00:05,01F0099S,03F0116S,42,0,0
2024/04/23 00:05,01F0099S,03F0116S,5,129,1
2024/04/23 00:05,01F0147N,03F0116S,31,146,4
2024/04/23 00:05,01F0147N,03F0116S,32,0,0
2024/04/23 00:05,01F0147N,03F0116S,41,0,0
2024/04/23 00:05,01F0147N,03F0116S,42,0,0
2024/04/23 00:05,01F0147N,03F0116S,5,0,0
2024/04/23 00:05,01H0174N,03F0116S,31,257,10
2024/04/23 00:05,01H0174N,03F0116S,32,280,1
2024/04/23 00:05,01H0174N,03F0116S,41,0,0
2024/04/23 00:05,01H0174N,03F0116S,42,0,0
2024/04/23 00:05,01H0174N,03F0116S,5,0,0
2024/04/23 00:05,03F0087S,03F0116S,31,109,4
2024/04/23 00:05,03F0087S,03F0116S,32,0,0
2024/04/23 00:05,03F0087S,03F0116S,41,0,0
2024/04/23 00:05,03F0087S,03F0116S,42,0,0
2024/04/23 00:05,03F0087S,03F0116S,5,0,0
2024/04/23 00:05,03F0116S,03F0136S,31,79,17
2024/04/23 00:05,03F0116S,03F0136S,32,83,3
2024/04/23 00:05,03F0116S,03F0136S,41,0,0
2024/04/23 00:05,03F0116S,03F0136S,42,0,0
2024/04/23 00:05,03F0116S,03F0136S,5,0,0
2024/04/23 00:05,03F0150N,03F0140N,31,39,20
2024/04/23 00:05,03F0150N,03F0140N,32,39,2
2024/04/23 00:05,03F0150N,03F0140N,41,0,0
2024/04/23 00:05,03F0150N,03F0140N,42,0,0
2024/04/23 00:05,03F0150N,03F0140N,5,33,2
2024/04/23 00:05,03F0201N,03F0150N,31,202,11
2024/04/23 00:05,03F0201N,03F0150N,32,203,4
2024/04/23 00:05,03F0201N,03F0150N,41,0,0
2024/04/23 00:05,03F0201N,03F0150N,42,197,3
2024/04/23 00:05,03F0201N,03F0150N,5,0,0
2024/04/23 00:05,05F0001N,03F0150N,31,47,14
2024/04/23 00:05,05F0001N,03F0150N,32,51,3
2024/04/23 00:05,05F0001N,03F0150N,41,0,0
2024/04/23 00:05,05F0001N,03F0150N,42,0,0
2024/04/23 00:05,05F0001N,03F0150N,5,0,0
2024/04/23 00:05,03F0136S,03F0158S,31,84,20
2024/04/23 00:05,03F0136S,03F0158S,32,75,5
2024/04/23 00:05,03F0136S,03F0158S,41,0,0
2024/04/23 00:05,03F0136S,03F0158S,42,95,1
2024/04/23 00:05,03F0136S,03F0158S,5,0,0
2024/04/23 00:05,03A0041S,03F0201N,31,106,4
2024/04/23 00:05,03A0041S,03F0201N,32,111,3
2024/04/23 00:05,03A0041S,03F0201N,41,0,0
2024/04/23 00:05,03A0041S,03F0201N,42,114,1
2024/04/23 00:05,03A0041S,03F0201N,5,0,0
2024/04/23 00:05,03F0217N,03F0201N,31,56,25
2024/04/23 00:05,03F0217N,03F0201N,32,59,7
2024/04/23 00:05,03F0217N,03F0201N,41,0,0
2024/04/23 00:05,03F0217N,03F0201N,42,59,2
2024/04/23 00:05,03F0217N,03F0201N,5,58,1
2024/04/23 00:05,03F0158S,03F0201S,31,161,16
2024/04/23 00:05,03F0158S,03F0201S,32,165,5
2024/04/23 00:05,03F0158S,03F0201S,41,0,0
2024/04/23 00:05,03F0158S,03F0201S,42,189,2
2024/04/23 00:05,03F0158S,03F0201S,5,0,0
2024/04/23 00:05,05F0001N,03F0201S,31,193,12
2024/04/23 00:05,05F0001N,03F0201S,32,184,2
2024/04/23 00:05,05F0001N,03F0201S,41,0,0
2024/04/23 00:05,05F0001N,03F0201S,42,0,0
2024/04/23 00:05,05F0001N,03F0201S,5,0,0
2024/04/23 00:05,03F0301N,03F0217N,31,329,31
2024/04/23 00:05,03F0301N,03F0217N,32,354,4
2024/04/23 00:05,03F0301N,03F0217N,41,0,0
2024/04/23 00:05,03F0301N,03F0217N,42,325,2
2024/04/23 00:05,03F0301N,03F0217N,5,353,1
2024/04/23 00:05,03A0041S,03F0217S,31,82,7
2024/04/23 00:05,03A0041S,03F0217S,32,83,2
2024/04/23 00:05,03A0041S,03F0217S,41,0,0
2024/04/23 00:05,03A0041S,03F0217S,42,0,0
2024/04/23 00:05,03A0041S,03F0217S,5,0,0
2024/04/23 00:05,03F0201S,03F0217S,31,59,20
2024/04/23 00:05,03F0201S,03F0217S,32,57,6
2024/04/23 00:05,03F0201S,03F0217S,41,0,0
2024/04/23 00:05,03F0201S,03F0217S,42,0,0
2024/04/23 00:05,03F0201S,03F0217S,5,0,0
2024/04/23 00:05,03F0338N,03F0301N,31,138,18
2024/04/23 00:05,03F0338N,03F0301N,32,143,9
2024/04/23 00:05,03F0338N,03F0301N,41,0,0
2024/04/23 00:05,03F0338N,03F0301N,42,151,5
2024/04/23 00:05,03F0338N,03F0301N,5,165,3
2024/04/23 00:05,03F0217S,03F0301S,31,320,19
2024/04/23 00:05,03F0217S,03F0301S,32,318,8
2024/04/23 00:05,03F0217S,03F0301S,41,0,0
2024/04/23 00:05,03F0217S,03F0301S,42,377,1
2024/04/23 00:05,03F0217S,03F0301S,5,0,0
2024/04/23 00:05,03F0301S,03F0337S,31,138,23
2024/04/23 00:05,03F0301S,03F0337S,32,146,7
2024/04/23 00:05,03F0301S,03F0337S,41,0,0
2024/04/23 00:05,03F0301S,03F0337S,42,136,1
2024/04/23 00:05,03F0301S,03F0337S,5,140,1
2024/04/23 00:05,03F0394N,03F0338N,31,210,19
2024/04/23 00:05,03F0394N,03F0338N,32,188,9
2024/04/23 00:05,03F0394N,03F0338N,41,0,0
2024/04/23 00:05,03F0394N,03F0338N,42,270,1
2024/04/23 00:05,03F0394N,03F0338N,5,0,0
2024/04/23 00:05,03F0447N,03F0394N,31,187,47
2024/04/23 00:05,03F0447N,03F0394N,32,181,13
2024/04/23 00:05,03F0447N,03F0394N,41,0,0
2024/04/23 00:05,03F0447N,03F0394N,42,205,2
2024/04/23 00:05,03F0447N,03F0394N,5,194,2
2024/04/23 00:05,03F0337S,03F0394S,31,211,39
2024/04/23 00:05,03F0337S,03F0394S,32,198,3
2024/04/23 00:05,03F0337S,03F0394S,41,213,1
2024/04/23 00:05,03F0337S,03F0394S,42,209,1
2024/04/23 00:05,03F0337S,03F0394S,5,219,1
2024/04/23 00:05,03F0498N,03F0447N,31,170,47
2024/04/23 00:05,03F0498N,03F0447N,32,169,16
2024/04/23 00:05,03F0498N,03F0447N,41,0,0
2024/04/23 00:05,03F0498N,03F0447N,42,200,8
2024/04/23 00:05,03F0498N,03F0447N,5,203,4
2024/04/23 00:05,03F0394S,03F0447S,31,186,51
2024/04/23 00:05,03F0394S,03F0447S,32,191,12
2024/04/23 00:05,03F0394S,03F0447S,41,0,0
2024/04/23 00:05,03F0394S,03F0447S,42,229,3
2024/04/23 00:05,03F0394S,03F0447S,5,250,4
2024/04/23 00:05,03F0525N,03F0498N,31,86,50
2024/04/23 00:05,03F0525N,03F0498N,32,94,10
2024/04/23 00:05,03F0525N,03F0498N,41,91,1
2024/04/23 00:05,03F0525N,03F0498N,42,102,6
2024/04/23 00:05,03F0525N,03F0498N,5,113,3
2024/04/23 00:05,03F0447S,03F0498S,31,168,74
2024/04/23 00:05,03F0447S,03F0498S,32,181,15
2024/04/23 00:05,03F0447S,03F0498S,41,0,0
2024/04/23 00:05,03F0447S,03F0498S,42,193,5
2024/04/23 00:05,03F0447S,03F0498S,5,213,5
2024/04/23 00:05,01F0511S,03F0525N,31,582,4
2024/04/23 00:05,01F0511S,03F0525N,32,0,0
2024/04/23 00:05,01F0511S,03F0525N,41,0,0
2024/04/23 00:05,01F0511S,03F0525N,42,0,0
2024/04/23 00:05,01F0511S,03F0525N,5,677,1
2024/04/23 00:05,01F0532N,03F0525N,31,535,3
2024/04/23 00:05,01F0532N,03F0525N,32,491,3
2024/04/23 00:05,01F0532N,03F0525N,41,0,0
2024/04/23 00:05,01F0532N,03F0525N,42,0,0
2024/04/23 00:05,01F0532N,03F0525N,5,0,0
2024/04/23 00:05,03F0559N,03F0525N,31,109,27
2024/04/23 00:05,03F0559N,03F0525N,32,115,6
2024/04/23 00:05,03F0559N,03F0525N,41,0,0
2024/04/23 00:05,03F0559N,03F0525N,42,136,3
2024/04/23 00:05,03F0559N,03F0525N,5,127,4
2024/04/23 00:05,03F0498S,03F0525S,31,89,59
2024/04/23 00:05,03F0498S,03F0525S,32,93,10
2024/04/23 00:05,03F0498S,03F0525S,41,0,0
2024/04/23 00:05,03F0498S,03F0525S,42,96,6
2024/04/23 00:05,03F0498S,03F0525S,5,106,5
2024/04/23 00:05,03F0648N,03F0559N,31,289,28
2024/04/23 00:05,03F0648N,03F0559N,32,301,4
2024/04/23 00:05,03F0648N,03F0559N,41,310,1
2024/04/23 00:05,03F0648N,03F0559N,42,372,5
2024/04/23 00:05,03F0648N,03F0559N,5,335,3
2024/04/23 00:05,01F0511S,03F0559S,31,572,4
2024/04/23 00:05,01F0511S,03F0559S,32,0,0
2024/04/23 00:05,01F0511S,03F0559S,41,0,0
2024/04/23 00:05,01F0511S,03F0559S,42,0,0
2024/04/23 00:05,01F0511S,03F0559S,5,0,0
2024/04/23 00:05,01F0532N,03F0559S,31,1702,1
2024/04/23 00:05,01F0532N,03F0559S,32,0,0
2024/04/23 00:05,01F0532N,03F0559S,41,0,0
2024/04/23 00:05,01F0532N,03F0559S,42,0,0
2024/04/23 00:05,01F0532N,03F0559S,5,0,0
2024/04/23 00:05,03F0525S,03F0559S,31,115,29
2024/04/23 00:05,03F0525S,03F0559S,32,125,4
2024/04/23 00:05,03F0525S,03F0559S,41,0,0
2024/04/23 00:05,03F0525S,03F0559S,42,127,2
2024/04/23 00:05,03F0525S,03F0559S,5,139,5
2024/04/23 00:05,03F0698N,03F0648N,31,163,23
2024/04/23 00:05,03F0698N,03F0648N,32,168,5
2024/04/23 00:05,03F0698N,03F0648N,41,0,0
2024/04/23 00:05,03F0698N,03F0648N,42,198,2
2024/04/23 00:05,03F0698N,03F0648N,5,203,3
2024/04/23 00:05,03F0559S,03F0648S,31,296,25
2024/04/23 00:05,03F0559S,03F0648S,32,311,3
2024/04/23 00:05,03F0559S,03F0648S,41,0,0
2024/04/23 00:05,03F0559S,03F0648S,42,398,2
2024/04/23 00:05,03F0559S,03F0648S,5,394,5
2024/04/23 00:05,03F0746N,03F0698N,31,158,33
2024/04/23 00:05,03F0746N,03F0698N,32,171,2
2024/04/23 00:05,03F0746N,03F0698N,41,0,0
2024/04/23 00:05,03F0746N,03F0698N,42,190,1
2024/04/23 00:05,03F0746N,03F0698N,5,203,5
2024/04/23 00:05,03F0648S,03F0698S,31,165,24
2024/04/23 00:05,03F0648S,03F0698S,32,180,3
2024/04/23 00:05,03F0648S,03F0698S,41,0,0
2024/04/23 00:05,03F0648S,03F0698S,42,190,2
2024/04/23 00:05,03F0648S,03F0698S,5,211,9
2024/04/23 00:05,03F0746S,03F0746N,31,3068,3
2024/04/23 00:05,03F0746S,03F0746N,32,0,0
2024/04/23 00:05,03F0746S,03F0746N,41,0,0
2024/04/23 00:05,03F0746S,03F0746N,42,0,0
2024/04/23 00:05,03F0746S,03F0746N,5,0,0
2024/04/23 00:05,03F0783N,03F0746N,31,127,25
2024/04/23 00:05,03F0783N,03F0746N,32,112,3
2024/04/23 00:05,03F0783N,03F0746N,41,0,0
2024/04/23 00:05,03F0783N,03F0746N,42,151,1
2024/04/23 00:05,03F0783N,03F0746N,5,159,8
2024/04/23 00:05,03F0698S,03F0746S,31,160,18
2024/04/23 00:05,03F0698S,03F0746S,32,167,2
2024/04/23 00:05,03F0698S,03F0746S,41,0,0
2024/04/23 00:05,03F0698S,03F0746S,42,163,1
2024/04/23 00:05,03F0698S,03F0746S,5,191,6
2024/04/23 00:05,03F0846N,03F0783N,31,216,30
2024/04/23 00:05,03F0846N,03F0783N,32,197,9
2024/04/23 00:05,03F0846N,03F0783N,41,0,0
2024/04/23 00:05,03F0846N,03F0783N,42,220,2
2024/04/23 00:05,03F0846N,03F0783N,5,262,9
2024/04/23 00:05,03F0746S,03F0783S,31,117,18
2024/04/23 00:05,03F0746S,03F0783S,32,115,1
2024/04/23 00:05,03F0746S,03F0783S,41,150,1
2024/04/23 00:05,03F0746S,03F0783S,42,132,2
2024/04/23 00:05,03F0746S,03F0783S,5,144,4
2024/04/23 00:05,03F0783N,03F0783S,31,0,0
2024/04/23 00:05,03F0783N,03F0783S,32,0,0
2024/04/23 00:05,03F0783N,03F0783S,41,0,0
2024/04/23 00:05,03F0783N,03F0783S,42,0,0
2024/04/23 00:05,03F0783N,03F0783S,5,0,0
2024/04/23 00:05,03F0961N,03F0846N,31,370,25
2024/04/23 00:05,03F0961N,03F0846N,32,418,5
2024/04/23 00:05,03F0961N,03F0846N,41,0,0
2024/04/23 00:05,03F0961N,03F0846N,42,500,1
2024/04/23 00:05,03F0961N,03F0846N,5,0,0
2024/04/23 00:05,03F0783S,03F0846S,31,202,20
2024/04/23 00:05,03F0783S,03F0846S,32,0,0
2024/04/23 00:05,03F0783S,03F0846S,41,0,0
2024/04/23 00:05,03F0783S,03F0846S,42,222,1
2024/04/23 00:05,03F0783S,03F0846S,5,249,3
2024/04/23 00:05,03F0996N,03F0961N,31,121,18
2024/04/23 00:05,03F0996N,03F0961N,32,130,2
2024/04/23 00:05,03F0996N,03F0961N,41,0,0
2024/04/23 00:05,03F0996N,03F0961N,42,148,2
2024/04/23 00:05,03F0996N,03F0961N,5,164,2
2024/04/23 00:05,03F0846S,03F0961S,31,370,18
2024/04/23 00:05,03F0846S,03F0961S,32,403,1
2024/04/23 00:05,03F0846S,03F0961S,41,0,0
2024/04/23 00:05,03F0846S,03F0961S,42,416,2
2024/04/23 00:05,03F0846S,03F0961S,5,535,2
2024/04/23 00:05,01F0980S,03F0996N,31,280,2
2024/04/23 00:05,01F0980S,03F0996N,32,0,0
2024/04/23 00:05,01F0980S,03F0996N,41,428,1
2024/04/23 00:05,01F0980S,03F0996N,42,153,2
2024/04/23 00:05,01F0980S,03F0996N,5,0,0
2024/04/23 00:05,01F1045N,03F0996N,31,236,11
2024/04/23 00:05,01F1045N,03F0996N,32,270,1
2024/04/23 00:05,01F1045N,03F0996N,41,2069,1
2024/04/23 00:05,01F1045N,03F0996N,42,242,1
2024/04/23 00:05,01F1045N,03F0996N,5,279,2
2024/04/23 00:05,03F1022N,03F0996N,31,81,12
2024/04/23 00:05,03F1022N,03F0996N,32,0,0
2024/04/23 00:05,03F1022N,03F0996N,41,100,1
2024/04/23 00:05,03F1022N,03F0996N,42,107,2
2024/04/23 00:05,03F1022N,03F0996N,5,107,1
2024/04/23 00:05,03F0961S,03F0996S,31,117,22
2024/04/23 00:05,03F0961S,03F0996S,32,127,3
2024/04/23 00:05,03F0961S,03F0996S,41,0,0
2024/04/23 00:05,03F0961S,03F0996S,42,139,4
2024/04/23 00:05,03F0961S,03F0996S,5,140,3
2024/04/23 00:05,03F1051N,03F1022N,31,98,8
2024/04/23 00:05,03F1051N,03F1022N,32,106,3
2024/04/23 00:05,03F1051N,03F1022N,41,0,0
2024/04/23 00:05,03F1051N,03F1022N,42,111,5
2024/04/23 00:05,03F1051N,03F1022N,5,132,5
2024/04/23 00:05,01F0980S,03F1022S,31,110,21
2024/04/23 00:05,01F0980S,03F1022S,32,102,3
2024/04/23 00:05,01F0980S,03F1022S,41,0,0
2024/04/23 00:05,01F0980S,03F1022S,42,132,6
2024/04/23 00:05,01F0980S,03F1022S,5,125,2
2024/04/23 00:05,01F1045N,03F1022S,31,321,1
2024/04/23 00:05,01F1045N,03F1022S,32,0,0
2024/04/23 00:05,01F1045N,03F1022S,41,0,0
2024/04/23 00:05,01F1045N,03F1022S,42,0,0
2024/04/23 00:05,01F1045N,03F1022S,5,0,0
2024/04/23 00:05,03F0996S,03F1022S,31,83,11
2024/04/23 00:05,03F0996S,03F1022S,32,90,3
2024/04/23 00:05,03F0996S,03F1022S,41,0,0
2024/04/23 00:05,03F0996S,03F1022S,42,119,2
2024/04/23 00:05,03F0996S,03F1022S,5,102,4
2024/04/23 00:05,03F1128N,03F1051N,31,270,8
2024/04/23 00:05,03F1128N,03F1051N,32,272,4
2024/04/23 00:05,03F1128N,03F1051N,41,0,0
2024/04/23 00:05,03F1128N,03F1051N,42,321,6
2024/04/23 00:05,03F1128N,03F1051N,5,348,7
2024/04/23 00:05,03F1022S,03F1051S,31,93,28
2024/04/23 00:05,03F1022S,03F1051S,32,88,4
2024/04/23 00:05,03F1022S,03F1051S,41,99,1
2024/04/23 00:05,03F1022S,03F1051S,42,118,7
2024/04/23 00:05,03F1022S,03F1051S,5,112,7
2024/04/23 00:05,03F1161N,03F1128N,31,110,15
2024/04/23 00:05,03F1161N,03F1128N,32,105,2
2024/04/23 00:05,03F1161N,03F1128N,41,0,0
2024/04/23 00:05,03F1161N,03F1128N,42,120,3
2024/04/23 00:05,03F1161N,03F1128N,5,134,7
2024/04/23 00:05,03F1051S,03F1128S,31,253,16
2024/04/23 00:05,03F1051S,03F1128S,32,250,11
2024/04/23 00:05,03F1051S,03F1128S,41,0,0
2024/04/23 00:05,03F1051S,03F1128S,42,288,8
2024/04/23 00:05,03F1051S,03F1128S,5,312,13
2024/04/23 00:05,03F1215N,03F1161N,31,175,12
2024/04/23 00:05,03F1215N,03F1161N,32,158,2
2024/04/23 00:05,03F1215N,03F1161N,41,0,0
2024/04/23 00:05,03F1215N,03F1161N,42,188,4
2024/04/23 00:05,03F1215N,03F1161N,5,201,7
2024/04/23 00:05,03F1128S,03F1161S,31,108,11
2024/04/23 00:05,03F1128S,03F1161S,32,108,7
2024/04/23 00:05,03F1128S,03F1161S,41,0,0
2024/04/23 00:05,03F1128S,03F1161S,42,110,5
2024/04/23 00:05,03F1128S,03F1161S,5,131,16
2024/04/23 00:05,03F1257N,03F1215N,31,138,11
2024/04/23 00:05,03F1257N,03F1215N,32,133,6
2024/04/23 00:05,03F1257N,03F1215N,41,140,1
2024/04/23 00:05,03F1257N,03F1215N,42,183,8
2024/04/23 00:05,03F1257N,03F1215N,5,176,4
2024/04/23 00:05,03F1161S,03F1215S,31,172,10
2024/04/23 00:05,03F1161S,03F1215S,32,191,6
2024/04/23 00:05,03F1161S,03F1215S,41,0,0
2024/04/23 00:05,03F1161S,03F1215S,42,206,7
2024/04/23 00:05,03F1161S,03F1215S,5,212,11
2024/04/23 00:05,03F1332N,03F1257N,31,242,20
2024/04/23 00:05,03F1332N,03F1257N,32,238,5
2024/04/23 00:05,03F1332N,03F1257N,41,275,1
2024/04/23 00:05,03F1332N,03F1257N,42,271,9
2024/04/23 00:05,03F1332N,03F1257N,5,311,8
2024/04/23 00:05,03F1215S,03F1257S,31,131,19
2024/04/23 00:05,03F1215S,03F1257S,32,135,6
2024/04/23 00:05,03F1215S,03F1257S,41,0,0
2024/04/23 00:05,03F1215S,03F1257S,42,149,4
2024/04/23 00:05,03F1215S,03F1257S,5,165,11
2024/04/23 00:05,03F1395N,03F1332N,31,210,19
2024/04/23 00:05,03F1395N,03F1332N,32,290,2
2024/04/23 00:05,03F1395N,03F1332N,41,0,0
2024/04/23 00:05,03F1395N,03F1332N,42,201,3
2024/04/23 00:05,03F1395N,03F1332N,5,253,4
2024/04/23 00:05,03F1257S,03F1332S,31,240,15
2024/04/23 00:05,03F1257S,03F1332S,32,280,1
2024/04/23 00:05,03F1257S,03F1332S,41,0,0
2024/04/23 00:05,03F1257S,03F1332S,42,273,3
2024/04/23 00:05,03F1257S,03F1332S,5,285,8
2024/04/23 00:05,03F1485N,03F1395N,31,298,14
2024/04/23 00:05,03F1485N,03F1395N,32,312,2
2024/04/23 00:05,03F1485N,03F1395N,41,0,0
2024/04/23 00:05,03F1485N,03F1395N,42,303,7
2024/04/23 00:05,03F1485N,03F1395N,5,386,8
2024/04/23 00:05,03F1332S,03F1395S,31,209,17
2024/04/23 00:05,03F1332S,03F1395S,32,214,7
2024/04/23 00:05,03F1332S,03F1395S,41,0,0
2024/04/23 00:05,03F1332S,03F1395S,42,250,5
2024/04/23 00:05,03F1332S,03F1395S,5,251,10
2024/04/23 00:05,03F1633N,03F1485N,31,478,14
2024/04/23 00:05,03F1633N,03F1485N,32,522,3
2024/04/23 00:05,03F1633N,03F1485N,41,684,1
2024/04/23 00:05,03F1633N,03F1485N,42,527,2
2024/04/23 00:05,03F1633N,03F1485N,5,632,9
2024/04/23 00:05,03F1395S,03F1485S,31,302,15
2024/04/23 00:05,03F1395S,03F1485S,32,300,4
2024/04/23 00:05,03F1395S,03F1485S,41,0,0
2024/04/23 00:05,03F1395S,03F1485S,42,326,5
2024/04/23 00:05,03F1395S,03F1485S,5,334,4
2024/04/23 00:05,03F1651N,03F1633N,31,58,21
2024/04/23 00:05,03F1651N,03F1633N,32,56,6
2024/04/23 00:05,03F1651N,03F1633N,41,0,0
2024/04/23 00:05,03F1651N,03F1633N,42,83,3
2024/04/23 00:05,03F1651N,03F1633N,5,68,3
2024/04/23 00:05,03F1485S,03F1633S,31,460,8
2024/04/23 00:05,03F1485S,03F1633S,32,535,4
2024/04/23 00:05,03F1485S,03F1633S,41,0,0
2024/04/23 00:05,03F1485S,03F1633S,42,556,5
2024/04/23 00:05,03F1485S,03F1633S,5,639,9
2024/04/23 00:05,01F1621S,03F1651N,31,0,0
2024/04/23 00:05,01F1621S,03F1651N,32,0,0
2024/04/23 00:05,01F1621S,03F1651N,41,0,0
2024/04/23 00:05,01F1621S,03F1651N,42,0,0
2024/04/23 00:05,01F1621S,03F1651N,5,0,0
2024/04/23 00:05,01F1664N,03F1651N,31,464,3
2024/04/23 00:05,01F1664N,03F1651N,32,577,1
2024/04/23 00:05,01F1664N,03F1651N,41,0,0
2024/04/23 00:05,01F1664N,03F1651N,42,470,1
2024/04/23 00:05,01F1664N,03F1651N,5,0,0
2024/04/23 00:05,03F1710N,03F1651N,31,189,13
2024/04/23 00:05,03F1710N,03F1651N,32,202,8
2024/04/23 00:05,03F1710N,03F1651N,41,0,0
2024/04/23 00:05,03F1710N,03F1651N,42,257,2
2024/04/23 00:05,03F1710N,03F1651N,5,236,4
2024/04/23 00:05,03F1633S,03F1651S,31,56,13
2024/04/23 00:05,03F1633S,03F1651S,32,61,3
2024/04/23 00:05,03F1633S,03F1651S,41,0,0
2024/04/23 00:05,03F1633S,03F1651S,42,64,4
2024/04/23 00:05,03F1633S,03F1651S,5,71,10
2024/04/23 00:05,03F1710S,03F1710N,31,0,0
2024/04/23 00:05,03F1710S,03F1710N,32,0,0
2024/04/23 00:05,03F1710S,03F1710N,41,0,0
2024/04/23 00:05,03F1710S,03F1710N,42,0,0
2024/04/23 00:05,03F1710S,03F1710N,5,0,0
2024/04/23 00:05,03F1739N,03F1710N,31,95,14
2024/04/23 00:05,03F1739N,03F1710N,32,103,3
2024/04/23 00:05,03F1739N,03F1710N,41,0,0
2024/04/23 00:05,03F1739N,03F1710N,42,107,2
2024/04/23 00:05,03F1739N,03F1710N,5,124,3
2024/04/23 00:05,01F1621S,03F1710S,31,0,0
2024/04/23 00:05,01F1621S,03F1710S,32,0,0
2024/04/23 00:05,01F1621S,03F1710S,41,0,0
2024/04/23 00:05,01F1621S,03F1710S,42,0,0
2024/04/23 00:05,01F1621S,03F1710S,5,0,0
2024/04/23 00:05,01F1664N,03F1710S,31,0,0
2024/04/23 00:05,01F1664N,03F1710S,32,0,0
2024/04/23 00:05,01F1664N,03F1710S,41,0,0
2024/04/23 00:05,01F1664N,03F1710S,42,0,0
2024/04/23 00:05,01F1664N,03F1710S,5,0,0
2024/04/23 00:05,03F1651S,03F1710S,31,191,13
2024/04/23 00:05,03F1651S,03F1710S,32,184,1
2024/04/23 00:05,03F1651S,03F1710S,41,0,0
2024/04/23 00:05,03F1651S,03F1710S,42,214,4
2024/04/23 00:05,03F1651S,03F1710S,5,231,3
2024/04/23 00:05,03F1779N,03F1739N,31,136,11
2024/04/23 00:05,03F1779N,03F1739N,32,137,4
2024/04/23 00:05,03F1779N,03F1739N,41,0,0
2024/04/23 00:05,03F1779N,03F1739N,42,153,6
2024/04/23 00:05,03F1779N,03F1739N,5,159,3
2024/04/23 00:05,03F1710S,03F1739S,31,97,16
2024/04/23 00:05,03F1710S,03F1739S,32,93,1
2024/04/23 00:05,03F1710S,03F1739S,41,0,0
2024/04/23 00:05,03F1710S,03F1739S,42,122,9
2024/04/23 00:05,03F1710S,03F1739S,5,141,6
2024/04/23 00:05,03F1739N,03F1739S,31,0,0
2024/04/23 00:05,03F1739N,03F1739S,32,0,0
2024/04/23 00:05,03F1739N,03F1739S,41,0,0
2024/04/23 00:05,03F1739N,03F1739S,42,1072,1
2024/04/23 00:05,03F1739N,03F1739S,5,0,0
2024/04/23 00:05,03F1860N,03F1779N,31,264,4
2024/04/23 00:05,03F1860N,03F1779N,32,289,4
2024/04/23 00:05,03F1860N,03F1779N,41,0,0
2024/04/23 00:05,03F1860N,03F1779N,42,327,5
2024/04/23 00:05,03F1860N,03F1779N,5,374,6
2024/04/23 00:05,03F1739S,03F1779S,31,138,16
2024/04/23 00:05,03F1739S,03F1779S,32,134,3
2024/04/23 00:05,03F1739S,03F1779S,41,0,0
2024/04/23 00:05,03F1739S,03F1779S,42,158,6
2024/04/23 00:05,03F1739S,03F1779S,5,176,6
2024/04/23 00:05,03F1941N,03F1860N,31,257,11
2024/04/23 00:05,03F1941N,03F1860N,32,266,4
2024/04/23 00:05,03F1941N,03F1860N,41,0,0
2024/04/23 00:05,03F1941N,03F1860N,42,303,5
2024/04/23 00:05,03F1941N,03F1860N,5,297,5
2024/04/23 00:05,03F1779S,03F1860S,31,260,11
2024/04/23 00:05,03F1779S,03F1860S,32,253,3
2024/04/23 00:05,03F1779S,03F1860S,41,0,0
2024/04/23 00:05,03F1779S,03F1860S,42,372,3
2024/04/23 00:05,03F1779S,03F1860S,5,339,6
2024/04/23 00:05,01F1906S,03F1941N,31,210,1
2024/04/23 00:05,01F1906S,03F1941N,32,0,0
2024/04/23 00:05,01F1906S,03F1941N,41,0,0
2024/04/23 00:05,01F1906S,03F1941N,42,0,0
2024/04/23 00:05,01F1906S,03F1941N,5,0,0
2024/04/23 00:05,01F1960N,03F1941N,31,227,3
2024/04/23 00:05,01F1960N,03F1941N,32,224,2
2024/04/23 00:05,01F1960N,03F1941N,41,278,1
2024/04/23 00:05,01F1960N,03F1941N,42,267,5
2024/04/23 00:05,01F1960N,03F1941N,5,329,7
2024/04/23 00:05,03F1992N,03F1941N,31,162,10
2024/04/23 00:05,03F1992N,03F1941N,32,197,2
2024/04/23 00:05,03F1992N,03F1941N,41,0,0
2024/04/23 00:05,03F1992N,03F1941N,42,184,1
2024/04/23 00:05,03F1992N,03F1941N,5,203,1
2024/04/23 00:05,03F1860S,03F1944S,31,281,16
2024/04/23 00:05,03F1860S,03F1944S,32,269,6
2024/04/23 00:05,03F1860S,03F1944S,41,0,0
2024/04/23 00:05,03F1860S,03F1944S,42,361,2
2024/04/23 00:05,03F1860S,03F1944S,5,339,7
2024/04/23 00:05,01F1906S,03F1991S,31,0,0
2024/04/23 00:05,01F1906S,03F1991S,32,0,0
2024/04/23 00:05,01F1906S,03F1991S,41,0,0
2024/04/23 00:05,01F1906S,03F1991S,42,0,0
2024/04/23 00:05,01F1906S,03F1991S,5,0,0
2024/04/23 00:05,01F1960N,03F1991S,31,227,4
2024/04/23 00:05,01F1960N,03F1991S,32,194,3
2024/04/23 00:05,01F1960N,03F1991S,41,0,0
2024/04/23 00:05,01F1960N,03F1991S,42,281,1
2024/04/23 00:05,01F1960N,03F1991S,5,0,0
2024/04/23 00:05,03F1944S,03F1991S,31,150,11
2024/04/23 00:05,03F1944S,03F1991S,32,156,1
2024/04/23 00:05,03F1944S,03F1991S,41,183,1
2024/04/23 00:05,03F1944S,03F1991S,42,185,2
2024/04/23 00:05,03F1944S,03F1991S,5,181,1
2024/04/23 00:05,03F2066N,03F1992N,31,242,10
2024/04/23 00:05,03F2066N,03F1992N,32,265,1
2024/04/23 00:05,03F2066N,03F1992N,41,248,1
2024/04/23 00:05,03F2066N,03F1992N,42,0,0
2024/04/23 00:05,03F2066N,03F1992N,5,328,2
2024/04/23 00:05,03F2078N,03F2066N,31,40,30
2024/04/23 00:05,03F2078N,03F2066N,32,42,7
2024/04/23 00:05,03F2078N,03F2066N,41,0,0
2024/04/23 00:05,03F2078N,03F2066N,42,46,5
2024/04/23 00:05,03F2078N,03F2066N,5,0,0
2024/04/23 00:05,03F1991S,03F2066S,31,251,9
2024/04/23 00:05,03F1991S,03F2066S,32,297,5
2024/04/23 00:05,03F1991S,03F2066S,41,0,0
2024/04/23 00:05,03F1991S,03F2066S,42,284,2
2024/04/23 00:05,03F1991S,03F2066S,5,286,1
2024/04/23 00:05,03F2100N,03F2078N,31,78,23
2024/04/23 00:05,03F2100N,03F2078N,32,73,8
2024/04/23 00:05,03F2100N,03F2078N,41,0,0
2024/04/23 00:05,03F2100N,03F2078N,42,84,4
2024/04/23 00:05,03F2100N,03F2078N,5,95,1
2024/04/23 00:05,03F2066S,03F2079S,31,46,26
2024/04/23 00:05,03F2066S,03F2079S,32,47,5
2024/04/23 00:05,03F2066S,03F2079S,41,0,0
2024/04/23 00:05,03F2066S,03F2079S,42,51,4
2024/04/23 00:05,03F2066S,03F2079S,5,0,0
2024/04/23 00:05,03F2125N,03F2100N,31,77,17
2024/04/23 00:05,03F2125N,03F2100N,32,81,5
2024/04/23 00:05,03F2125N,03F2100N,41,0,0
2024/04/23 00:05,03F2125N,03F2100N,42,86,3
2024/04/23 00:05,03F2125N,03F2100N,5,77,1
2024/04/23 00:05,03F2079S,03F2100S,31,68,21
2024/04/23 00:05,03F2079S,03F2100S,32,76,2
2024/04/23 00:05,03F2079S,03F2100S,41,0,0
2024/04/23 00:05,03F2079S,03F2100S,42,81,4
2024/04/23 00:05,03F2079S,03F2100S,5,0,0
2024/04/23 00:05,03F2153N,03F2125N,31,90,31
2024/04/23 00:05,03F2153N,03F2125N,32,100,7
2024/04/23 00:05,03F2153N,03F2125N,41,0,0
2024/04/23 00:05,03F2153N,03F2125N,42,103,2
2024/04/23 00:05,03F2153N,03F2125N,5,0,0
2024/04/23 00:05,03F2100S,03F2129S,31,97,19
2024/04/23 00:05,03F2100S,03F2129S,32,88,1
2024/04/23 00:05,03F2100S,03F2129S,41,0,0
2024/04/23 00:05,03F2100S,03F2129S,42,0,0
2024/04/23 00:05,03F2100S,03F2129S,5,0,0
2024/04/23 00:05,03F2129S,03F2152S,31,77,24
2024/04/23 00:05,03F2129S,03F2152S,32,75,4
2024/04/23 00:05,03F2129S,03F2152S,41,81,1
2024/04/23 00:05,03F2129S,03F2152S,42,81,1
2024/04/23 00:05,03F2129S,03F2152S,5,0,0
2024/04/23 00:05,03F2194N,03F2153N,31,130,19
2024/04/23 00:05,03F2194N,03F2153N,32,130,9
2024/04/23 00:05,03F2194N,03F2153N,41,0,0
2024/04/23 00:05,03F2194N,03F2153N,42,157,4
2024/04/23 00:05,03F2194N,03F2153N,5,0,0
2024/04/23 00:05,03F2231N,03F2194N,31,118,15
2024/04/23 00:05,03F2231N,03F2194N,32,125,7
2024/04/23 00:05,03F2231N,03F2194N,41,0,0
2024/04/23 00:05,03F2231N,03F2194N,42,138,4
2024/04/23 00:05,03F2231N,03F2194N,5,153,1
2024/04/23 00:05,03F2152S,03F2194S,31,142,32
2024/04/23 00:05,03F2152S,03F2194S,32,145,6
2024/04/23 00:05,03F2152S,03F2194S,41,141,2
2024/04/23 00:05,03F2152S,03F2194S,42,146,1
2024/04/23 00:05,03F2152S,03F2194S,5,0,0
2024/04/23 00:05,03F2260N,03F2231N,31,97,12
2024/04/23 00:05,03F2260N,03F2231N,32,101,4
2024/04/23 00:05,03F2260N,03F2231N,41,0,0
2024/04/23 00:05,03F2260N,03F2231N,42,115,2
2024/04/23 00:05,03F2260N,03F2231N,5,125,2
2024/04/23 00:05,03F2194S,03F2235S,31,138,29
2024/04/23 00:05,03F2194S,03F2235S,32,131,6
2024/04/23 00:05,03F2194S,03F2235S,41,0,0
2024/04/23 00:05,03F2194S,03F2235S,42,0,0
2024/04/23 00:05,03F2194S,03F2235S,5,169,1
2024/04/23 00:05,03F2306N,03F2260N,31,147,13
2024/04/23 00:05,03F2306N,03F2260N,32,158,4
2024/04/23 00:05,03F2306N,03F2260N,41,0,0
2024/04/23 00:05,03F2306N,03F2260N,42,218,1
2024/04/23 00:05,03F2306N,03F2260N,5,192,1
2024/04/23 00:05,03F2235S,03F2261S,31,85,22
2024/04/23 00:05,03F2235S,03F2261S,32,91,4
2024/04/23 00:05,03F2235S,03F2261S,41,0,0
2024/04/23 00:05,03F2235S,03F2261S,42,0,0
2024/04/23 00:05,03F2235S,03F2261S,5,0,0
2024/04/23 00:05,03F2306S,03F2306N,31,345,2
2024/04/23 00:05,03F2306S,03F2306N,32,0,0
2024/04/23 00:05,03F2306S,03F2306N,41,0,0
2024/04/23 00:05,03F2306S,03F2306N,42,0,0
2024/04/23 00:05,03F2306S,03F2306N,5,0,0
2024/04/23 00:05,03F2336N,03F2306N,31,108,19
2024/04/23 00:05,03F2336N,03F2306N,32,102,3
2024/04/23 00:05,03F2336N,03F2306N,41,119,2
2024/04/23 00:05,03F2336N,03F2306N,42,146,3
2024/04/23 00:05,03F2336N,03F2306N,5,135,2
2024/04/23 00:05,03F2261S,03F2306S,31,149,20
2024/04/23 00:05,03F2261S,03F2306S,32,176,4
2024/04/23 00:05,03F2261S,03F2306S,41,0,0
2024/04/23 00:05,03F2261S,03F2306S,42,146,1
2024/04/23 00:05,03F2261S,03F2306S,5,171,1
2024/04/23 00:05,03F2415N,03F2336N,31,267,18
2024/04/23 00:05,03F2415N,03F2336N,32,249,3
2024/04/23 00:05,03F2415N,03F2336N,41,306,2
2024/04/23 00:05,03F2415N,03F2336N,42,307,5
2024/04/23 00:05,03F2415N,03F2336N,5,323,1
2024/04/23 00:05,03F2306S,03F2336S,31,100,19
2024/04/23 00:05,03F2306S,03F2336S,32,105,4
2024/04/23 00:05,03F2306S,03F2336S,41,0,0
2024/04/23 00:05,03F2306S,03F2336S,42,102,1
2024/04/23 00:05,03F2306S,03F2336S,5,113,1
2024/04/23 00:05,03F2336N,03F2336S,31,0,0
2024/04/23 00:05,03F2336N,03F2336S,32,0,0
2024/04/23 00:05,03F2336N,03F2336S,41,0,0
2024/04/23 00:05,03F2336N,03F2336S,42,0,0
2024/04/23 00:05,03F2336N,03F2336S,5,0,0
2024/04/23 00:05,03F2447N,03F2415N,31,104,11
2024/04/23 00:05,03F2447N,03F2415N,32,115,5
2024/04/23 00:05,03F2447N,03F2415N,41,0,0
2024/04/23 00:05,03F2447N,03F2415N,42,113,2
2024/04/23 00:05,03F2447N,03F2415N,5,130,2
2024/04/23 00:05,03F2336S,03F2415S,31,253,11
2024/04/23 00:05,03F2336S,03F2415S,32,245,5
2024/04/23 00:05,03F2336S,03F2415S,41,0,0
2024/04/23 00:05,03F2336S,03F2415S,42,283,2
2024/04/23 00:05,03F2336S,03F2415S,5,0,0
2024/04/23 00:05,03F2535N,03F2447N,31,277,12
2024/04/23 00:05,03F2535N,03F2447N,32,244,1
2024/04/23 00:05,03F2535N,03F2447N,41,0,0
2024/04/23 00:05,03F2535N,03F2447N,42,326,1
2024/04/23 00:05,03F2535N,03F2447N,5,360,2
2024/04/23 00:05,03F2415S,03F2447S,31,105,7
2024/04/23 00:05,03F2415S,03F2447S,32,112,2
2024/04/23 00:05,03F2415S,03F2447S,41,0,0
2024/04/23 00:05,03F2415S,03F2447S,42,0,0
2024/04/23 00:05,03F2415S,03F2447S,5,0,0
2024/04/23 00:05,03F2614N,03F2535N,31,258,3
2024/04/23 00:05,03F2614N,03F2535N,32,263,4
2024/04/23 00:05,03F2614N,03F2535N,41,0,0
2024/04/23 00:05,03F2614N,03F2535N,42,0,0
2024/04/23 00:05,03F2614N,03F2535N,5,333,1
2024/04/23 00:05,03F2447S,03F2535S,31,276,11
2024/04/23 00:05,03F2447S,03F2535S,32,0,0
2024/04/23 00:05,03F2447S,03F2535S,41,0,0
2024/04/23 00:05,03F2447S,03F2535S,42,342,1
2024/04/23 00:05,03F2447S,03F2535S,5,387,2
2024/04/23 00:05,03F2709N,03F2614N,31,286,3
2024/04/23 00:05,03F2709N,03F2614N,32,0,0
2024/04/23 00:05,03F2709N,03F2614N,41,0,0
2024/04/23 00:05,03F2709N,03F2614N,42,317,3
2024/04/23 00:05,03F2709N,03F2614N,5,0,0
2024/04/23 00:05,03F2535S,03F2614S,31,245,10
2024/04/23 00:05,03F2535S,03F2614S,32,265,1
2024/04/23 00:05,03F2535S,03F2614S,41,0,0
2024/04/23 00:05,03F2535S,03F2614S,42,306,1
2024/04/23 00:05,03F2535S,03F2614S,5,0,0
2024/04/23 00:05,03F2747N,03F2709N,31,125,5
2024/04/23 00:05,03F2747N,03F2709N,32,127,1
2024/04/23 00:05,03F2747N,03F2709N,41,0,0
2024/04/23 00:05,03F2747N,03F2709N,42,0,0
2024/04/23 00:05,03F2747N,03F2709N,5,0,0
2024/04/23 00:05,03F2614S,03F2709S,31,345,5
2024/04/23 00:05,03F2614S,03F2709S,32,320,5
2024/04/23 00:05,03F2614S,03F2709S,41,0,0
2024/04/23 00:05,03F2614S,03F2709S,42,0,0
2024/04/23 00:05,03F2614S,03F2709S,5,0,0
2024/04/23 00:05,03F2747S,03F2747N,31,0,0
2024/04/23 00:05,03F2747S,03F2747N,32,0,0
2024/04/23 00:05,03F2747S,03F2747N,41,0,0
2024/04/23 00:05,03F2747S,03F2747N,42,0,0
2024/04/23 00:05,03F2747S,03F2747N,5,0,0
2024/04/23 00:05,03F2777N,03F2747N,31,97,12
2024/04/23 00:05,03F2777N,03F2747N,32,97,3
2024/04/23 00:05,03F2777N,03F2747N,41,0,0
2024/04/23 00:05,03F2777N,03F2747N,42,0,0
2024/04/23 00:05,03F2777N,03F2747N,5,0,0
2024/04/23 00:05,03F2709S,03F2747S,31,121,6
2024/04/23 00:05,03F2709S,03F2747S,32,133,6
2024/04/23 00:05,03F2709S,03F2747S,41,0,0
2024/04/23 00:05,03F2709S,03F2747S,42,148,2
2024/04/23 00:05,03F2709S,03F2747S,5,153,2
2024/04/23 00:05,03F2840N,03F2777N,31,204,11
2024/04/23 00:05,03F2840N,03F2777N,32,215,4
2024/04/23 00:05,03F2840N,03F2777N,41,0,0
2024/04/23 00:05,03F2840N,03F2777N,42,0,0
2024/04/23 00:05,03F2840N,03F2777N,5,262,1
2024/04/23 00:05,03F2747S,03F2777S,31,95,11
2024/04/23 00:05,03F2747S,03F2777S,32,99,1
2024/04/23 00:05,03F2747S,03F2777S,41,0,0
2024/04/23 00:05,03F2747S,03F2777S,42,133,1
2024/04/23 00:05,03F2747S,03F2777S,5,117,1
2024/04/23 00:05,03F2777N,03F2777S,31,0,0
2024/04/23 00:05,03F2777N,03F2777S,32,0,0
2024/04/23 00:05,03F2777N,03F2777S,41,0,0
2024/04/23 00:05,03F2777N,03F2777S,42,0,0
2024/04/23 00:05,03F2777N,03F2777S,5,0,0
2024/04/23 00:05,03F2899N,03F2840N,31,191,11
2024/04/23 00:05,03F2899N,03F2840N,32,205,5
2024/04/23 00:05,03F2899N,03F2840N,41,0,0
2024/04/23 00:05,03F2899N,03F2840N,42,196,1
2024/04/23 00:05,03F2899N,03F2840N,5,239,2
2024/04/23 00:05,03F2777S,03F2840S,31,209,7
2024/04/23 00:05,03F2777S,03F2840S,32,215,6
2024/04/23 00:05,03F2777S,03F2840S,41,0,0
2024/04/23 00:05,03F2777S,03F2840S,42,223,1
2024/04/23 00:05,03F2777S,03F2840S,5,0,0
2024/04/23 00:05,03F2923N,03F2899N,31,76,9
2024/04/23 00:05,03F2923N,03F2899N,32,78,4
2024/04/23 00:05,03F2923N,03F2899N,41,0,0
2024/04/23 00:05,03F2923N,03F2899N,42,90,1
2024/04/23 00:05,03F2923N,03F2899N,5,99,2
2024/04/23 00:05,03F2840S,03F2899S,31,184,9
2024/04/23 00:05,03F2840S,03F2899S,32,203,1
2024/04/23 00:05,03F2840S,03F2899S,41,0,0
2024/04/23 00:05,03F2840S,03F2899S,42,200,1
2024/04/23 00:05,03F2840S,03F2899S,5,0,0
2024/04/23 00:05,03F2985N,03F2923N,31,190,8
2024/04/23 00:05,03F2985N,03F2923N,32,214,4
2024/04/23 00:05,03F2985N,03F2923N,41,0,0
2024/04/23 00:05,03F2985N,03F2923N,42,232,2
2024/04/23 00:05,03F2985N,03F2923N,5,0,0
2024/04/23 00:05,03F2899S,03F2923S,31,70,9
2024/04/23 00:05,03F2899S,03F2923S,32,82,1
2024/04/23 00:05,03F2899S,03F2923S,41,0,0
2024/04/23 00:05,03F2899S,03F2923S,42,94,1
2024/04/23 00:05,03F2899S,03F2923S,5,0,0
2024/04/23 00:05,03F3101N,03F2985N,31,353,9
2024/04/23 00:05,03F3101N,03F2985N,32,373,3
2024/04/23 00:05,03F3101N,03F2985N,41,0,0
2024/04/23 00:05,03F3101N,03F2985N,42,384,2
2024/04/23 00:05,03F3101N,03F2985N,5,481,1
2024/04/23 00:05,03F2923S,03F2985S,31,197,6
2024/04/23 00:05,03F2923S,03F2985S,32,206,2
2024/04/23 00:05,03F2923S,03F2985S,41,0,0
2024/04/23 00:05,03F2923S,03F2985S,42,0,0
2024/04/23 00:05,03F2923S,03F2985S,5,0,0
2024/04/23 00:05,03F3187N,03F3101N,31,266,4
2024/04/23 00:05,03F3187N,03F3101N,32,304,3
2024/04/23 00:05,03F3187N,03F3101N,41,0,0
2024/04/23 00:05,03F3187N,03F3101N,42,0,0
2024/04/23 00:05,03F3187N,03F3101N,5,0,0
2024/04/23 00:05,03F2985S,03F3101S,31,379,5
2024/04/23 00:05,03F2985S,03F3101S,32,0,0
2024/04/23 00:05,03F2985S,03F3101S,41,0,0
2024/04/23 00:05,03F2985S,03F3101S,42,0,0
2024/04/23 00:05,03F2985S,03F3101S,5,521,1
2024/04/23 00:05,03F3187S,03F3187N,31,0,0
2024/04/23 00:05,03F3187S,03F3187N,32,0,0
2024/04/23 00:05,03F3187S,03F3187N,41,0,0
2024/04/23 00:05,03F3187S,03F3187N,42,0,0
2024/04/23 00:05,03F3187S,03F3187N,5,0,0
2024/04/23 00:05,03F3211N,03F3187N,31,76,10
2024/04/23 00:05,03F3211N,03F3187N,32,100,2
2024/04/23 00:05,03F3211N,03F3187N,41,0,0
2024/04/23 00:05,03F3211N,03F3187N,42,87,1
2024/04/23 00:05,03F3211N,03F3187N,5,86,1
2024/04/23 00:05,03F3101S,03F3187S,31,272,10
2024/04/23 00:05,03F3101S,03F3187S,32,292,1
2024/04/23 00:05,03F3101S,03F3187S,41,0,0
2024/04/23 00:05,03F3101S,03F3187S,42,286,1
2024/04/23 00:05,03F3101S,03F3187S,5,0,0
2024/04/23 00:05,03F3259N,03F3211N,31,147,11
2024/04/23 00:05,03F3259N,03F3211N,32,183,4
2024/04/23 00:05,03F3259N,03F3211N,41,0,0
2024/04/23 00:05,03F3259N,03F3211N,42,171,1
2024/04/23 00:05,03F3259N,03F3211N,5,168,1
2024/04/23 00:05,03F3187S,03F3211S,31,78,8
2024/04/23 00:05,03F3187S,03F3211S,32,77,2
2024/04/23 00:05,03F3187S,03F3211S,41,0,0
2024/04/23 00:05,03F3187S,03F3211S,42,80,1
2024/04/23 00:05,03F3187S,03F3211S,5,0,0
2024/04/23 00:05,03F3211N,03F3211S,31,0,0
2024/04/23 00:05,03F3211N,03F3211S,32,0,0
2024/04/23 00:05,03F3211N,03F3211S,41,0,0
2024/04/23 00:05,03F3211N,03F3211S,42,0,0
2024/04/23 00:05,03F3211N,03F3211S,5,0,0
2024/04/23 00:05,03F3307N,03F3259N,31,157,9
2024/04/23 00:05,03F3307N,03F3259N,32,178,1
2024/04/23 00:05,03F3307N,03F3259N,41,0,0
2024/04/23 00:05,03F3307N,03F3259N,42,168,2
2024/04/23 00:05,03F3307N,03F3259N,5,201,1
2024/04/23 00:05,03F3211S,03F3259S,31,146,11
2024/04/23 00:05,03F3211S,03F3259S,32,146,2
2024/04/23 00:05,03F3211S,03F3259S,41,0,0
2024/04/23 00:05,03F3211S,03F3259S,42,0,0
2024/04/23 00:05,03F3211S,03F3259S,5,175,1
2024/04/23 00:05,03F3392N,03F3307N,31,283,10
2024/04/23 00:05,03F3392N,03F3307N,32,262,4
2024/04/23 00:05,03F3392N,03F3307N,41,0,0
2024/04/23 00:05,03F3392N,03F3307N,42,275,1
2024/04/23 00:05,03F3392N,03F3307N,5,333,1
2024/04/23 00:05,03F3259S,03F3307S,31,153,11
2024/04/23 00:05,03F3259S,03F3307S,32,172,3
2024/04/23 00:05,03F3259S,03F3307S,41,0,0
2024/04/23 00:05,03F3259S,03F3307S,42,191,1
2024/04/23 00:05,03F3259S,03F3307S,5,200,1
2024/04/23 00:05,03F3445N,03F3392N,31,164,8
2024/04/23 00:05,03F3445N,03F3392N,32,162,4
2024/04/23 00:05,03F3445N,03F3392N,41,0,0
2024/04/23 00:05,03F3445N,03F3392N,42,195,1
2024/04/23 00:05,03F3445N,03F3392N,5,2149,1
2024/04/23 00:05,03F3307S,03F3392S,31,255,4
2024/04/23 00:05,03F3307S,03F3392S,32,268,6
2024/04/23 00:05,03F3307S,03F3392S,41,0,0
2024/04/23 00:05,03F3307S,03F3392S,42,0,0
2024/04/23 00:05,03F3307S,03F3392S,5,377,1
2024/04/23 00:05,01F3126S,03F3445N,31,0,0
2024/04/23 00:05,01F3126S,03F3445N,32,0,0
2024/04/23 00:05,01F3126S,03F3445N,41,0,0
2024/04/23 00:05,01F3126S,03F3445N,42,0,0
2024/04/23 00:05,01F3126S,03F3445N,5,0,0
2024/04/23 00:05,01F3185N,03F3445N,31,499,2
2024/04/23 00:05,01F3185N,03F3445N,32,0,0
2024/04/23 00:05,01F3185N,03F3445N,41,0,0
2024/04/23 00:05,01F3185N,03F3445N,42,0,0
2024/04/23 00:05,01F3185N,03F3445N,5,0,0
2024/04/23 00:05,03F3496N,03F3445N,31,173,7
2024/04/23 00:05,03F3496N,03F3445N,32,196,1
2024/04/23 00:05,03F3496N,03F3445N,41,0,0
2024/04/23 00:05,03F3496N,03F3445N,42,187,2
2024/04/23 00:05,03F3496N,03F3445N,5,0,0
2024/04/23 00:05,03F3392S,03F3445S,31,175,6
2024/04/23 00:05,03F3392S,03F3445S,32,179,5
2024/04/23 00:05,03F3392S,03F3445S,41,0,0
2024/04/23 00:05,03F3392S,03F3445S,42,200,1
2024/04/23 00:05,03F3392S,03F3445S,5,0,0
2024/04/23 00:05,03F3588N,03F3496N,31,303,3
2024/04/23 00:05,03F3588N,03F3496N,32,282,5
2024/04/23 00:05,03F3588N,03F3496N,41,0,0
2024/04/23 00:05,03F3588N,03F3496N,42,336,3
2024/04/23 00:05,03F3588N,03F3496N,5,385,1
2024/04/23 00:05,01F3126S,03F3496S,31,513,2
2024/04/23 00:05,01F3126S,03F3496S,32,0,0
2024/04/23 00:05,01F3126S,03F3496S,41,0,0
2024/04/23 00:05,01F3126S,03F3496S,42,627,2
2024/04/23 00:05,01F3126S,03F3496S,5,616,1
2024/04/23 00:05,01F3185N,03F3496S,31,0,0
2024/04/23 00:05,01F3185N,03F3496S,32,0,0
2024/04/23 00:05,01F3185N,03F3496S,41,0,0
2024/04/23 00:05,01F3185N,03F3496S,42,0,0
2024/04/23 00:05,01F3185N,03F3496S,5,2807,1
2024/04/23 00:05,03F3445S,03F3496S,31,165,4
2024/04/23 00:05,03F3445S,03F3496S,32,175,2
2024/04/23 00:05,03F3445S,03F3496S,41,0,0
2024/04/23 00:05,03F3445S,03F3496S,42,180,1
2024/04/23 00:05,03F3445S,03F3496S,5,194,2
2024/04/23 00:05,03F3670N,03F3588N,31,287,11
2024/04/23 00:05,03F3670N,03F3588N,32,269,4
2024/04/23 00:05,03F3670N,03F3588N,41,0,0
2024/04/23 00:05,03F3670N,03F3588N,42,289,1
2024/04/23 00:05,03F3670N,03F3588N,5,353,7
2024/04/23 00:05,03F3496S,03F3588S,31,315,5
2024/04/23 00:05,03F3496S,03F3588S,32,313,3
2024/04/23 00:05,03F3496S,03F3588S,41,0,0
2024/04/23 00:05,03F3496S,03F3588S,42,369,1
2024/04/23 00:05,03F3496S,03F3588S,5,357,1
2024/04/23 00:05,03F3743N,03F3670N,31,238,15
2024/04/23 00:05,03F3743N,03F3670N,32,274,1
2024/04/23 00:05,03F3743N,03F3670N,41,0,0
2024/04/23 00:05,03F3743N,03F3670N,42,246,1
2024/04/23 00:05,03F3743N,03F3670N,5,299,2
2024/04/23 00:05,03F3588S,03F3670S,31,302,9
2024/04/23 00:05,03F3588S,03F3670S,32,306,1
2024/04/23 00:05,03F3588S,03F3670S,41,0,0
2024/04/23 00:05,03F3588S,03F3670S,42,0,0
2024/04/23 00:05,03F3588S,03F3670S,5,316,3
2024/04/23 00:05,01F3590S,03F3743N,31,0,0
2024/04/23 00:05,01F3590S,03F3743N,32,0,0
2024/04/23 00:05,01F3590S,03F3743N,41,0,0
2024/04/23 00:05,01F3590S,03F3743N,42,0,0
2024/04/23 00:05,01F3590S,03F3743N,5,0,0
2024/04/23 00:05,01F3640N,03F3743N,31,1151,1
2024/04/23 00:05,01F3640N,03F3743N,32,0,0
2024/04/23 00:05,01F3640N,03F3743N,41,0,0
2024/04/23 00:05,01F3640N,03F3743N,42,0,0
2024/04/23 00:05,01F3640N,03F3743N,5,0,0
2024/04/23 00:05,03F3854N,03F3743N,31,358,5
2024/04/23 00:05,03F3854N,03F3743N,32,330,1
2024/04/23 00:05,03F3854N,03F3743N,41,0,0
2024/04/23 00:05,03F3854N,03F3743N,42,405,3
2024/04/23 00:05,03F3854N,03F3743N,5,0,0
2024/04/23 00:05,03F3670S,03F3743S,31,251,10
2024/04/23 00:05,03F3670S,03F3743S,32,275,2
2024/04/23 00:05,03F3670S,03F3743S,41,0,0
2024/04/23 00:05,03F3670S,03F3743S,42,287,2
2024/04/23 00:05,03F3670S,03F3743S,5,0,0
2024/04/23 00:05,03F3916N,03F3854N,31,210,15
2024/04/23 00:05,03F3916N,03F3854N,32,174,1
2024/04/23 00:05,03F3916N,03F3854N,41,0,0
2024/04/23 00:05,03F3916N,03F3854N,42,240,1
2024/04/23 00:05,03F3916N,03F3854N,5,254,1
2024/04/23 00:05,01F3590S,03F3854S,31,0,0
2024/04/23 00:05,01F3590S,03F3854S,32,0,0
2024/04/23 00:05,01F3590S,03F3854S,41,0,0
2024/04/23 00:05,01F3590S,03F3854S,42,0,0
2024/04/23 00:05,01F3590S,03F3854S,5,0,0
2024/04/23 00:05,01F3640N,03F3854S,31,801,5
2024/04/23 00:05,01F3640N,03F3854S,32,0,0
2024/04/23 00:05,01F3640N,03F3854S,41,0,0
2024/04/23 00:05,01F3640N,03F3854S,42,0,0
2024/04/23 00:05,01F3640N,03F3854S,5,0,0
2024/04/23 00:05,03F3743S,03F3854S,31,404,8
2024/04/23 00:05,03F3743S,03F3854S,32,385,3
2024/04/23 00:05,03F3743S,03F3854S,41,406,1
2024/04/23 00:05,03F3743S,03F3854S,42,421,2
2024/04/23 00:05,03F3743S,03F3854S,5,418,2
2024/04/23 00:05,03F3984N,03F3916N,31,219,7
2024/04/23 00:05,03F3984N,03F3916N,32,214,4
2024/04/23 00:05,03F3984N,03F3916N,41,0,0
2024/04/23 00:05,03F3984N,03F3916N,42,0,0
2024/04/23 00:05,03F3984N,03F3916N,5,0,0
2024/04/23 00:05,03F3854S,03F3916S,31,202,10
2024/04/23 00:05,03F3854S,03F3916S,32,204,5
2024/04/23 00:05,03F3854S,03F3916S,41,0,0
2024/04/23 00:05,03F3854S,03F3916S,42,0,0
2024/04/23 00:05,03F3854S,03F3916S,5,228,1
2024/04/23 00:05,03F3916S,03F3981S,31,220,5
2024/04/23 00:05,03F3916S,03F3981S,32,253,1
2024/04/23 00:05,03F3916S,03F3981S,41,0,0
2024/04/23 00:05,03F3916S,03F3981S,42,0,0
2024/04/23 00:05,03F3916S,03F3981S,5,248,1
2024/04/23 00:05,03F4021N,03F3984N,31,122,7
2024/04/23 00:05,03F4021N,03F3984N,32,0,0
2024/04/23 00:05,03F4021N,03F3984N,41,0,0
2024/04/23 00:05,03F4021N,03F3984N,42,144,1
2024/04/23 00:05,03F4021N,03F3984N,5,152,1
2024/04/23 00:05,03F3981S,03F4018S,31,124,1
2024/04/23 00:05,03F3981S,03F4018S,32,149,1
2024/04/23 00:05,03F3981S,03F4018S,41,0,0
2024/04/23 00:05,03F3981S,03F4018S,42,142,1
2024/04/23 00:05,03F3981S,03F4018S,5,139,1
2024/04/23 00:05,03F4142N,03F4021N,31,408,7
2024/04/23 00:05,03F4142N,03F4021N,32,500,2
2024/04/23 00:05,03F4142N,03F4021N,41,0,0
2024/04/23 00:05,03F4142N,03F4021N,42,0,0
2024/04/23 00:05,03F4142N,03F4021N,5,480,2
2024/04/23 00:05,03F4168N,03F4142N,31,80,3
2024/04/23 00:05,03F4168N,03F4142N,32,88,2
2024/04/23 00:05,03F4168N,03F4142N,41,0,0
2024/04/23 00:05,03F4168N,03F4142N,42,102,2
2024/04/23 00:05,03F4168N,03F4142N,5,108,1
2024/04/23 00:05,03F4018S,03F4142S,31,405,4
2024/04/23 00:05,03F4018S,03F4142S,32,479,2
2024/04/23 00:05,03F4018S,03F4142S,41,0,0
2024/04/23 00:05,03F4018S,03F4142S,42,0,0
2024/04/23 00:05,03F4018S,03F4142S,5,0,0
2024/04/23 00:05,03F4232N,03F4168N,31,204,8
2024/04/23 00:05,03F4232N,03F4168N,32,227,5
2024/04/23 00:05,03F4232N,03F4168N,41,0,0
2024/04/23 00:05,03F4232N,03F4168N,42,245,4
2024/04/23 00:05,03F4232N,03F4168N,5,278,1
2024/04/23 00:05,03F4142S,03F4168S,31,80,2
2024/04/23 00:05,03F4142S,03F4168S,32,95,2
2024/04/23 00:05,03F4142S,03F4168S,41,0,0
2024/04/23 00:05,03F4142S,03F4168S,42,0,0
2024/04/23 00:05,03F4142S,03F4168S,5,0,0
2024/04/23 00:05,03F4259N,03F4232N,31,87,6
2024/04/23 00:05,03F4259N,03F4232N,32,0,0
2024/04/23 00:05,03F4259N,03F4232N,41,0,0
2024/04/23 00:05,03F4259N,03F4232N,42,101,1
2024/04/23 00:05,03F4259N,03F4232N,5,0,0
2024/04/23 00:05,03F4168S,03F4232S,31,203,12
2024/04/23 00:05,03F4168S,03F4232S,32,209,5
2024/04/23 00:05,03F4168S,03F4232S,41,247,1
2024/04/23 00:05,03F4168S,03F4232S,42,245,6
2024/04/23 00:05,03F4168S,03F4232S,5,241,1
2024/04/23 00:05,03F4232S,03F4263S,31,110,3
2024/04/23 00:05,03F4232S,03F4263S,32,136,1
2024/04/23 00:05,03F4232S,03F4263S,41,0,0
2024/04/23 00:05,03F4232S,03F4263S,42,124,1
2024/04/23 00:05,03F4232S,03F4263S,5,0,0
2024/04/23 00:05,03F0158S,05F0000S,31,45,14
2024/04/23 00:05,03F0158S,05F0000S,32,46,6
2024/04/23 00:05,03F0158S,05F0000S,41,0,0
2024/04/23 00:05,03F0158S,05F0000S,42,0,0
2024/04/23 00:05,03F0158S,05F0000S,5,0,0
2024/04/23 00:05,03F0201N,05F0000S,31,184,1
2024/04/23 00:05,03F0201N,05F0000S,32,179,5
2024/04/23 00:05,03F0201N,05F0000S,41,184,1
2024/04/23 00:05,03F0201N,05F0000S,42,0,0
2024/04/23 00:05,03F0201N,05F0000S,5,0,0
2024/04/23 00:05,05F0055N,05F0001N,31,217,31
2024/04/23 00:05,05F0055N,05F0001N,32,218,1
2024/04/23 00:05,05F0055N,05F0001N,41,0,0
2024/04/23 00:05,05F0055N,05F0001N,42,0,0
2024/04/23 00:05,05F0055N,05F0001N,5,0,0
2024/04/23 00:05,05F0287N,05F0055N,31,1000,15
2024/04/23 00:05,05F0287N,05F0055N,32,979,2
2024/04/23 00:05,05F0287N,05F0055N,41,0,0
2024/04/23 00:05,05F0287N,05F0055N,42,0,0
2024/04/23 00:05,05F0287N,05F0055N,5,0,0
2024/04/23 00:05,05F0000S,05F0055S,31,226,19
2024/04/23 00:05,05F0000S,05F0055S,32,757,2
2024/04/23 00:05,05F0000S,05F0055S,41,226,2
2024/04/23 00:05,05F0000S,05F0055S,42,259,2
2024/04/23 00:05,05F0000S,05F0055S,5,0,0
2024/04/23 00:05,05F0309N,05F0287N,31,90,14
2024/04/23 00:05,05F0309N,05F0287N,32,85,6
2024/04/23 00:05,05F0309N,05F0287N,41,0,0
2024/04/23 00:05,05F0309N,05F0287N,42,0,0
2024/04/23 00:05,05F0309N,05F0287N,5,0,0
2024/04/23 00:05,05F0055S,05F0287S,31,936,17
2024/04/23 00:05,05F0055S,05F0287S,32,941,7
2024/04/23 00:05,05F0055S,05F0287S,41,964,1
2024/04/23 00:05,05F0055S,05F0287S,42,1001,1
2024/04/23 00:05,05F0055S,05F0287S,5,966,2
2024/04/23 00:05,05F0438N,05F0309N,31,505,9
2024/04/23 00:05,05F0438N,05F0309N,32,484,5
2024/04/23 00:05,05F0438N,05F0309N,41,0,0
2024/04/23 00:05,05F0438N,05F0309N,42,0,0
2024/04/23 00:05,05F0438N,05F0309N,5,509,3
2024/04/23 00:05,05F0287S,05F0309S,31,81,17
2024/04/23 00:05,05F0287S,05F0309S,32,86,7
2024/04/23 00:05,05F0287S,05F0309S,41,0,0
2024/04/23 00:05,05F0287S,05F0309S,42,0,0
2024/04/23 00:05,05F0287S,05F0309S,5,0,0
2024/04/23 00:05,05F0528N,05F0438N,31,365,2
2024/04/23 00:05,05F0528N,05F0438N,32,350,1
2024/04/23 00:05,05F0528N,05F0438N,41,0,0
2024/04/23 00:05,05F0528N,05F0438N,42,0,0
2024/04/23 00:05,05F0528N,05F0438N,5,0,0
2024/04/23 00:05,05F0309S,05F0439S,31,486,11
2024/04/23 00:05,05F0309S,05F0439S,32,515,5
2024/04/23 00:05,05F0309S,05F0439S,41,528,3
2024/04/23 00:05,05F0309S,05F0439S,42,0,0
2024/04/23 00:05,05F0309S,05F0439S,5,504,1
2024/04/23 00:05,05FR113S,05F0439S,31,115,1
2024/04/23 00:05,05FR113S,05F0439S,32,112,1
2024/04/23 00:05,05FR113S,05F0439S,41,122,1
2024/04/23 00:05,05FR113S,05F0439S,42,0,0
2024/04/23 00:05,05FR113S,05F0439S,5,0,0
2024/04/23 00:05,05F0439S,05F0494S,31,212,5
2024/04/23 00:05,05F0439S,05F0494S,32,212,5
2024/04/23 00:05,05F0439S,05F0494S,41,0,0
2024/04/23 00:05,05F0439S,05F0494S,42,0,0
2024/04/23 00:05,05F0439S,05F0494S,5,0,0
2024/04/23 00:05,05F0438N,05FR143N,31,114,3
2024/04/23 00:05,05F0438N,05FR143N,32,111,1
2024/04/23 00:05,05F0438N,05FR143N,41,0,0
2024/04/23 00:05,05F0438N,05FR143N,42,0,0
2024/04/23 00:05,05F0438N,05FR143N,5,0,0
